#
# TABLE STRUCTURE FOR: clients
#

DROP TABLE IF EXISTS `clients`;

CREATE TABLE `clients` (
  `id_clients` int(11) NOT NULL,
  `title` varchar(255) COLLATE utf8mb4_unicode_ci DEFAULT NULL,
  `appeal` varchar(255) COLLATE utf8mb4_unicode_ci DEFAULT NULL,
  `post` varchar(255) COLLATE utf8mb4_unicode_ci DEFAULT NULL,
  `email_address` varchar(255) COLLATE utf8mb4_unicode_ci DEFAULT NULL,
  PRIMARY KEY (`id_clients`)
) ENGINE=InnoDB DEFAULT CHARSET=utf8mb4 COLLATE=utf8mb4_unicode_ci;

INSERT INTO `clients` (`id_clients`, `title`, `appeal`, `post`, `email_address`) VALUES (0, 'Pariatur nihil cumque vero doloribus dignissimos non.', 'Sally Bartoletti', 'Stiedemann, Franecki and Grant', 'rebeca.miller@example.org');
INSERT INTO `clients` (`id_clients`, `title`, `appeal`, `post`, `email_address`) VALUES (1, 'Dolores delectus nostrum sunt assumenda.', 'Horacio Collier', 'Schmeler PLC', 'wkerluke@example.com');
INSERT INTO `clients` (`id_clients`, `title`, `appeal`, `post`, `email_address`) VALUES (2, 'Pariatur in autem quod ut consequatur culpa eaque.', 'Sigurd Pagac', 'Kerluke, Bradtke and Kemmer', 'alec.hauck@example.org');
INSERT INTO `clients` (`id_clients`, `title`, `appeal`, `post`, `email_address`) VALUES (3, 'Odio quae ea quia libero.', 'Dr. Toney Mitchell', 'Funk, Trantow and Jenkins', 'pagac.nikolas@example.com');
INSERT INTO `clients` (`id_clients`, `title`, `appeal`, `post`, `email_address`) VALUES (4, 'Consequatur vero ea voluptates corrupti eveniet aspernatur aut modi.', 'Wilson Roberts', 'Stoltenberg PLC', 'cmitchell@example.org');
INSERT INTO `clients` (`id_clients`, `title`, `appeal`, `post`, `email_address`) VALUES (5, 'Et molestias non est quia provident.', 'Abdiel Kreiger', 'Klein LLC', 'quinton.lehner@example.org');
INSERT INTO `clients` (`id_clients`, `title`, `appeal`, `post`, `email_address`) VALUES (6, 'Vitae ullam labore dolores pariatur.', 'Marjolaine Donnelly', 'Bins Ltd', 'alda.blick@example.net');
INSERT INTO `clients` (`id_clients`, `title`, `appeal`, `post`, `email_address`) VALUES (7, 'Cum minus eligendi ut tenetur dolorem.', 'Eveline Hoeger', 'Schoen, Denesik and Heidenreich', 'violette59@example.com');
INSERT INTO `clients` (`id_clients`, `title`, `appeal`, `post`, `email_address`) VALUES (8, 'Doloribus aut qui dolorum fugiat odit similique animi.', 'Prof. Antonio Gleichner V', 'Hilpert, Hermann and Cole', 'steuber.conor@example.com');
INSERT INTO `clients` (`id_clients`, `title`, `appeal`, `post`, `email_address`) VALUES (9, 'Saepe excepturi odio excepturi numquam repellendus corrupti.', 'Bryon West', 'Kuhic-Langosh', 'kory79@example.org');
INSERT INTO `clients` (`id_clients`, `title`, `appeal`, `post`, `email_address`) VALUES (10, 'Quam distinctio et temporibus minus quia sint.', 'Neva Keebler', 'Schumm Group', 'leslie.bins@example.net');
INSERT INTO `clients` (`id_clients`, `title`, `appeal`, `post`, `email_address`) VALUES (11, 'Corrupti iste quo quibusdam facere.', 'Mr. Carey Cummerata PhD', 'Green, Legros and Doyle', 'jabari37@example.org');
INSERT INTO `clients` (`id_clients`, `title`, `appeal`, `post`, `email_address`) VALUES (12, 'Sapiente et enim aut molestiae qui nemo.', 'Mr. Morgan Hilpert III', 'Moore-Lebsack', 'vpfannerstill@example.net');
INSERT INTO `clients` (`id_clients`, `title`, `appeal`, `post`, `email_address`) VALUES (13, 'Pariatur saepe quidem neque amet animi et.', 'Ardith Wisoky IV', 'Conroy-Schmitt', 'freeda.schimmel@example.com');
INSERT INTO `clients` (`id_clients`, `title`, `appeal`, `post`, `email_address`) VALUES (14, 'Quae officiis non sit quibusdam et.', 'Mr. Brenden Dickinson DDS', 'Ullrich, Kutch and McKenzie', 'justus99@example.net');
INSERT INTO `clients` (`id_clients`, `title`, `appeal`, `post`, `email_address`) VALUES (15, 'Est architecto impedit ad enim.', 'Mr. Elmo Crist', 'Anderson-Padberg', 'russel.murphy@example.net');
INSERT INTO `clients` (`id_clients`, `title`, `appeal`, `post`, `email_address`) VALUES (16, 'Est quia delectus ex quod.', 'Samson Swift Jr.', 'Jakubowski, Kshlerin and Davis', 'greenholt.margot@example.com');
INSERT INTO `clients` (`id_clients`, `title`, `appeal`, `post`, `email_address`) VALUES (17, 'Vel labore mollitia id numquam molestiae odit libero suscipit.', 'Mariela Koch', 'Mante-Marks', 'dwhite@example.net');
INSERT INTO `clients` (`id_clients`, `title`, `appeal`, `post`, `email_address`) VALUES (18, 'Voluptatem delectus aliquid quidem iste inventore a necessitatibus.', 'Maxine Von', 'Quitzon Group', 'beier.kaci@example.com');
INSERT INTO `clients` (`id_clients`, `title`, `appeal`, `post`, `email_address`) VALUES (19, 'Delectus non ipsa dignissimos.', 'Adolfo Franecki', 'Homenick-Maggio', 'reilly.wilson@example.org');
INSERT INTO `clients` (`id_clients`, `title`, `appeal`, `post`, `email_address`) VALUES (20, 'Quos numquam beatae voluptatem dolorem at.', 'Dr. Gordon Sawayn', 'Franecki, Reilly and Hudson', 'sberge@example.com');
INSERT INTO `clients` (`id_clients`, `title`, `appeal`, `post`, `email_address`) VALUES (21, 'Ipsum aliquid expedita ut cum veniam numquam eos ut.', 'Sandy DuBuque', 'Will Ltd', 'rylan.renner@example.org');
INSERT INTO `clients` (`id_clients`, `title`, `appeal`, `post`, `email_address`) VALUES (22, 'Non ut dolore velit sunt ullam odio.', 'Prof. Bernice Pacocha', 'Treutel-Cummings', 'scole@example.com');
INSERT INTO `clients` (`id_clients`, `title`, `appeal`, `post`, `email_address`) VALUES (23, 'At error eligendi aut quaerat esse accusamus quas placeat.', 'Rocio Grimes', 'Altenwerth-Carter', 'ecassin@example.net');
INSERT INTO `clients` (`id_clients`, `title`, `appeal`, `post`, `email_address`) VALUES (24, 'Odio velit dicta quod doloremque.', 'Kadin McDermott', 'Cole, Schinner and Boehm', 'george84@example.org');
INSERT INTO `clients` (`id_clients`, `title`, `appeal`, `post`, `email_address`) VALUES (25, 'Quae in velit ad molestias est id aut.', 'Amely Harber', 'Becker-Roberts', 'franecki.triston@example.net');
INSERT INTO `clients` (`id_clients`, `title`, `appeal`, `post`, `email_address`) VALUES (26, 'Eum quis ducimus et et eaque.', 'Zetta Ritchie', 'Stoltenberg, Koepp and Schuster', 'kaden12@example.org');
INSERT INTO `clients` (`id_clients`, `title`, `appeal`, `post`, `email_address`) VALUES (27, 'Facere sapiente omnis occaecati dolor voluptas vel fuga.', 'Mr. Dominic Hayes II', 'Grant-Upton', 'brolfson@example.com');
INSERT INTO `clients` (`id_clients`, `title`, `appeal`, `post`, `email_address`) VALUES (28, 'Qui ut dolorem iure dolor autem pariatur porro.', 'Toney Schamberger', 'King-Frami', 'cole.orval@example.org');
INSERT INTO `clients` (`id_clients`, `title`, `appeal`, `post`, `email_address`) VALUES (29, 'Dolor aspernatur minus ut eligendi quae aperiam iusto.', 'Zula Spencer', 'Okuneva and Sons', 'mylene.cronin@example.net');
INSERT INTO `clients` (`id_clients`, `title`, `appeal`, `post`, `email_address`) VALUES (30, 'Et maxime facere qui dolorem quis ipsam.', 'Mr. Keegan Walsh', 'Rath and Sons', 'dave.stroman@example.org');
INSERT INTO `clients` (`id_clients`, `title`, `appeal`, `post`, `email_address`) VALUES (31, 'Et ea exercitationem veritatis exercitationem fugiat.', 'Daija Smith', 'Kunze, Dickinson and Stiedemann', 'amie.mueller@example.org');
INSERT INTO `clients` (`id_clients`, `title`, `appeal`, `post`, `email_address`) VALUES (32, 'Suscipit earum delectus repellat qui quo iure sint.', 'Ruthie Pfeffer', 'Mohr LLC', 'brycen83@example.net');
INSERT INTO `clients` (`id_clients`, `title`, `appeal`, `post`, `email_address`) VALUES (33, 'Autem consequatur ea aut et.', 'Corrine Mosciski', 'Lakin Inc', 'francisca.haag@example.net');
INSERT INTO `clients` (`id_clients`, `title`, `appeal`, `post`, `email_address`) VALUES (34, 'Rerum rem recusandae dolor quia nam ad consequatur.', 'Prof. Esta Schimmel V', 'Schultz LLC', 'bernier.ransom@example.org');
INSERT INTO `clients` (`id_clients`, `title`, `appeal`, `post`, `email_address`) VALUES (35, 'Laudantium qui vitae repellendus.', 'Teresa VonRueden II', 'Roberts-King', 'o\'hara.alexane@example.org');
INSERT INTO `clients` (`id_clients`, `title`, `appeal`, `post`, `email_address`) VALUES (36, 'Et itaque earum ut voluptatem iusto dolorem assumenda.', 'Mrs. Estrella Hansen I', 'Ratke Ltd', 'icummerata@example.org');
INSERT INTO `clients` (`id_clients`, `title`, `appeal`, `post`, `email_address`) VALUES (37, 'Labore ducimus quisquam aperiam eos minus.', 'Prof. Lucile Denesik II', 'Halvorson-Davis', 'susanna58@example.com');
INSERT INTO `clients` (`id_clients`, `title`, `appeal`, `post`, `email_address`) VALUES (38, 'Ipsam assumenda hic similique veritatis.', 'Providenci Hackett', 'Schulist, O\'Reilly and Ebert', 'carlie.rutherford@example.org');
INSERT INTO `clients` (`id_clients`, `title`, `appeal`, `post`, `email_address`) VALUES (39, 'Quidem sint excepturi cum.', 'Trinity Mayert', 'Rutherford-Berge', 'jlemke@example.com');
INSERT INTO `clients` (`id_clients`, `title`, `appeal`, `post`, `email_address`) VALUES (41, 'Eius voluptatem qui quae porro perspiciatis omnis.', 'Camden Schaden', 'Quitzon-Weimann', 'katherine.doyle@example.net');
INSERT INTO `clients` (`id_clients`, `title`, `appeal`, `post`, `email_address`) VALUES (42, 'Ullam quo eveniet consequatur et est consequatur.', 'Wendell Reynolds', 'Robel, Emmerich and Volkman', 'kolby.wiegand@example.org');
INSERT INTO `clients` (`id_clients`, `title`, `appeal`, `post`, `email_address`) VALUES (43, 'Non pariatur repudiandae ratione blanditiis dolor illum et.', 'Dr. Brandt Sauer', 'Corwin-Nolan', 'marlen.jakubowski@example.com');
INSERT INTO `clients` (`id_clients`, `title`, `appeal`, `post`, `email_address`) VALUES (44, 'Id dolores et nemo aut.', 'Norene Durgan', 'Legros-Kiehn', 'foster.schmeler@example.com');
INSERT INTO `clients` (`id_clients`, `title`, `appeal`, `post`, `email_address`) VALUES (45, 'Modi ratione id occaecati autem animi.', 'Prof. Kennith Smith', 'Hartmann PLC', 'bennie.hauck@example.com');
INSERT INTO `clients` (`id_clients`, `title`, `appeal`, `post`, `email_address`) VALUES (46, 'Qui in voluptates id alias odit voluptatem numquam.', 'Keven Tromp', 'Greenfelder, Block and Lockman', 'penelope.toy@example.net');
INSERT INTO `clients` (`id_clients`, `title`, `appeal`, `post`, `email_address`) VALUES (47, 'Eos atque saepe iste libero porro consequatur.', 'Alan Gorczany', 'Hintz, Wintheiser and Donnelly', 'adolf.wolff@example.net');
INSERT INTO `clients` (`id_clients`, `title`, `appeal`, `post`, `email_address`) VALUES (48, 'Earum quia eum fuga.', 'Braden Thompson', 'Little, Brown and Robel', 'michael64@example.net');
INSERT INTO `clients` (`id_clients`, `title`, `appeal`, `post`, `email_address`) VALUES (49, 'Necessitatibus ut iusto ullam est.', 'Angel Stanton', 'Ledner-Lakin', 'lucious50@example.org');
INSERT INTO `clients` (`id_clients`, `title`, `appeal`, `post`, `email_address`) VALUES (50, 'Qui non autem sit ullam rerum.', 'Mrs. Karlie Waelchi PhD', 'Daugherty PLC', 'lincoln17@example.net');
INSERT INTO `clients` (`id_clients`, `title`, `appeal`, `post`, `email_address`) VALUES (51, 'Odit magnam porro harum excepturi fuga animi.', 'Dr. Nathanael Swift III', 'Hickle-Christiansen', 'corwin.cierra@example.org');
INSERT INTO `clients` (`id_clients`, `title`, `appeal`, `post`, `email_address`) VALUES (52, 'Est praesentium magnam nihil quam qui cupiditate a.', 'Adela O\'Kon', 'Christiansen Group', 'jones.cornell@example.net');
INSERT INTO `clients` (`id_clients`, `title`, `appeal`, `post`, `email_address`) VALUES (53, 'Fugit nihil est molestiae harum enim commodi.', 'Mrs. Kyra Rosenbaum V', 'Abbott LLC', 'alden.heaney@example.net');
INSERT INTO `clients` (`id_clients`, `title`, `appeal`, `post`, `email_address`) VALUES (54, 'Sed veniam eaque eum repellendus quam doloremque eos a.', 'Melvin Steuber', 'Robel PLC', 'davis.margaret@example.net');
INSERT INTO `clients` (`id_clients`, `title`, `appeal`, `post`, `email_address`) VALUES (55, 'Ut sed ea consequuntur in id placeat voluptatibus.', 'Domenic Klocko', 'Hermann and Sons', 'lukas.moen@example.com');
INSERT INTO `clients` (`id_clients`, `title`, `appeal`, `post`, `email_address`) VALUES (56, 'Molestiae dolor quia labore voluptatem.', 'Dr. Bernardo Goodwin Sr.', 'Bartell, Bashirian and Predovic', 'khintz@example.com');
INSERT INTO `clients` (`id_clients`, `title`, `appeal`, `post`, `email_address`) VALUES (57, 'Corrupti odit aut sed non.', 'Kraig Harris', 'Kilback, Breitenberg and Mitchell', 'wolf.elnora@example.net');
INSERT INTO `clients` (`id_clients`, `title`, `appeal`, `post`, `email_address`) VALUES (58, 'Et quo sed similique doloremque consequatur est voluptatem dolore.', 'Garfield Hodkiewicz', 'Simonis, Carter and Ebert', 'farrell.noah@example.com');
INSERT INTO `clients` (`id_clients`, `title`, `appeal`, `post`, `email_address`) VALUES (59, 'Aut maxime deleniti asperiores aut autem cupiditate sunt.', 'Justine Nitzsche', 'Weissnat Group', 'aokuneva@example.org');
INSERT INTO `clients` (`id_clients`, `title`, `appeal`, `post`, `email_address`) VALUES (60, 'Delectus aspernatur enim fugit et dolore.', 'Esteban Vandervort I', 'Green Group', 'btrantow@example.org');
INSERT INTO `clients` (`id_clients`, `title`, `appeal`, `post`, `email_address`) VALUES (61, 'Laboriosam deserunt consequatur labore.', 'Ms. Jewel Schultz I', 'Macejkovic-Gerlach', 'jakubowski.eldridge@example.net');
INSERT INTO `clients` (`id_clients`, `title`, `appeal`, `post`, `email_address`) VALUES (62, 'Quia reiciendis laboriosam sunt occaecati accusamus laboriosam omnis.', 'Dr. Hadley Deckow III', 'Sawayn-Bruen', 'cecelia.howell@example.com');
INSERT INTO `clients` (`id_clients`, `title`, `appeal`, `post`, `email_address`) VALUES (63, 'Aut iste et esse ad.', 'Bria Schultz V', 'Deckow, Bednar and Lindgren', 'aracely.gutmann@example.net');
INSERT INTO `clients` (`id_clients`, `title`, `appeal`, `post`, `email_address`) VALUES (64, 'Facere ut tempora itaque eligendi amet quo.', 'Gus Hammes', 'Orn and Sons', 'tmarks@example.com');
INSERT INTO `clients` (`id_clients`, `title`, `appeal`, `post`, `email_address`) VALUES (65, 'Incidunt quia eum id libero provident adipisci a iure.', 'Erica Zboncak', 'Gutmann-Fadel', 'emard.aurelie@example.org');
INSERT INTO `clients` (`id_clients`, `title`, `appeal`, `post`, `email_address`) VALUES (66, 'Ut qui est ducimus quia hic doloribus.', 'Mercedes Tillman', 'Pfeffer, Hammes and Schinner', 'kritchie@example.com');
INSERT INTO `clients` (`id_clients`, `title`, `appeal`, `post`, `email_address`) VALUES (67, 'Et nesciunt alias facere corrupti rerum exercitationem officiis perspiciatis.', 'Joanny Jakubowski', 'Leannon Inc', 'ujones@example.org');
INSERT INTO `clients` (`id_clients`, `title`, `appeal`, `post`, `email_address`) VALUES (68, 'Molestias animi ut vel.', 'Osborne McClure DDS', 'Lueilwitz, Witting and Kreiger', 'mrutherford@example.com');
INSERT INTO `clients` (`id_clients`, `title`, `appeal`, `post`, `email_address`) VALUES (69, 'Blanditiis placeat sit odio et nobis dolores libero reiciendis.', 'Chelsea Wilderman IV', 'Collier Group', 'ffisher@example.org');
INSERT INTO `clients` (`id_clients`, `title`, `appeal`, `post`, `email_address`) VALUES (70, 'Corporis ex iste sed libero.', 'Mr. Dion Cruickshank Jr.', 'Stracke-Pfannerstill', 'brown40@example.net');
INSERT INTO `clients` (`id_clients`, `title`, `appeal`, `post`, `email_address`) VALUES (71, 'Cum nihil nemo porro perferendis dolor quam nam fuga.', 'Dr. Constance Swift', 'Luettgen Inc', 'hayes.doris@example.org');
INSERT INTO `clients` (`id_clients`, `title`, `appeal`, `post`, `email_address`) VALUES (72, 'Eligendi fuga consectetur sit qui consequuntur modi.', 'Fabian Stiedemann', 'Rogahn-Huel', 'antonietta.kuhn@example.com');
INSERT INTO `clients` (`id_clients`, `title`, `appeal`, `post`, `email_address`) VALUES (73, 'Dolorem repellat illo quia totam ea optio deserunt.', 'Dorothy Robel II', 'Wisoky-Hamill', 'retha.spinka@example.com');
INSERT INTO `clients` (`id_clients`, `title`, `appeal`, `post`, `email_address`) VALUES (74, 'Perferendis eaque qui sed cupiditate eos et reprehenderit.', 'Mrs. Katheryn Kunde', 'Williamson, Gutkowski and Koepp', 'gstehr@example.org');
INSERT INTO `clients` (`id_clients`, `title`, `appeal`, `post`, `email_address`) VALUES (75, 'Molestiae quae et consequatur neque quia.', 'Arnoldo Wuckert', 'Paucek-Ratke', 'green.danial@example.org');
INSERT INTO `clients` (`id_clients`, `title`, `appeal`, `post`, `email_address`) VALUES (76, 'Ab rerum debitis vel incidunt est id.', 'Mohammed Runolfsdottir', 'Rowe-Marvin', 'amos.wolf@example.com');
INSERT INTO `clients` (`id_clients`, `title`, `appeal`, `post`, `email_address`) VALUES (77, 'Voluptas nisi praesentium soluta harum.', 'Prof. Amaya Durgan', 'Beatty Group', 'vwatsica@example.org');
INSERT INTO `clients` (`id_clients`, `title`, `appeal`, `post`, `email_address`) VALUES (78, 'Quam ratione eum sit provident.', 'Ramon Pacocha', 'Ryan LLC', 'natalia.flatley@example.org');
INSERT INTO `clients` (`id_clients`, `title`, `appeal`, `post`, `email_address`) VALUES (79, 'Veniam rerum earum vel aut.', 'Jairo Gerlach Sr.', 'Mante, Rempel and Harris', 'hrogahn@example.net');
INSERT INTO `clients` (`id_clients`, `title`, `appeal`, `post`, `email_address`) VALUES (80, 'Eos accusamus corrupti laborum totam.', 'Alessia Franecki', 'Dach-Durgan', 'cabernathy@example.com');
INSERT INTO `clients` (`id_clients`, `title`, `appeal`, `post`, `email_address`) VALUES (81, 'Laborum ducimus asperiores mollitia quia delectus tempore autem.', 'Dr. Joy Hagenes DVM', 'Kautzer, Swaniawski and Adams', 'zoila06@example.org');
INSERT INTO `clients` (`id_clients`, `title`, `appeal`, `post`, `email_address`) VALUES (82, 'At vero et necessitatibus vitae et in nihil.', 'Jalon Miller', 'Ledner, Howell and Marks', 'rod30@example.com');
INSERT INTO `clients` (`id_clients`, `title`, `appeal`, `post`, `email_address`) VALUES (83, 'Eos et quos consequatur aut.', 'Andres Konopelski', 'Abernathy and Sons', 'kirstin38@example.com');
INSERT INTO `clients` (`id_clients`, `title`, `appeal`, `post`, `email_address`) VALUES (84, 'Saepe delectus reiciendis et nulla est nesciunt.', 'Ryan Tremblay', 'Schoen Ltd', 'jfritsch@example.com');
INSERT INTO `clients` (`id_clients`, `title`, `appeal`, `post`, `email_address`) VALUES (85, 'Et eius laudantium velit saepe veritatis.', 'Kadin Muller', 'Upton Ltd', 'julien.turner@example.com');
INSERT INTO `clients` (`id_clients`, `title`, `appeal`, `post`, `email_address`) VALUES (86, 'Numquam aut tenetur temporibus facilis.', 'Abbey Ritchie I', 'Orn Inc', 'zspencer@example.com');
INSERT INTO `clients` (`id_clients`, `title`, `appeal`, `post`, `email_address`) VALUES (87, 'Ratione quae magnam fugit quia eum.', 'Dina Toy', 'Bradtke-Bins', 'aquitzon@example.com');
INSERT INTO `clients` (`id_clients`, `title`, `appeal`, `post`, `email_address`) VALUES (88, 'Amet totam dolor ea in maiores.', 'Alexie Kshlerin', 'Stoltenberg Ltd', 'emard.abbigail@example.com');
INSERT INTO `clients` (`id_clients`, `title`, `appeal`, `post`, `email_address`) VALUES (89, 'Voluptatibus officiis corrupti consequatur molestiae ea.', 'Isidro Schmidt', 'Schultz PLC', 'tess.quitzon@example.org');
INSERT INTO `clients` (`id_clients`, `title`, `appeal`, `post`, `email_address`) VALUES (90, 'Officia dolores excepturi occaecati unde tempore.', 'Mrs. Michaela Little IV', 'Jakubowski-Prohaska', 'psmitham@example.org');
INSERT INTO `clients` (`id_clients`, `title`, `appeal`, `post`, `email_address`) VALUES (91, 'Soluta dolorum dolore sapiente et.', 'Karley Marks', 'Beier Inc', 'vsteuber@example.net');
INSERT INTO `clients` (`id_clients`, `title`, `appeal`, `post`, `email_address`) VALUES (92, 'Nemo excepturi architecto officia mollitia quasi impedit aspernatur.', 'Miss Cassandre Gusikowski III', 'Conn, Donnelly and Bins', 'leonel81@example.net');
INSERT INTO `clients` (`id_clients`, `title`, `appeal`, `post`, `email_address`) VALUES (93, 'Consequatur eveniet at tenetur sit iure minus velit ea.', 'Mr. Emilio Wisoky V', 'Morar-Klocko', 'adela.ratke@example.com');
INSERT INTO `clients` (`id_clients`, `title`, `appeal`, `post`, `email_address`) VALUES (94, 'Id rerum nostrum ea neque esse.', 'Cyrus Koss', 'Leannon Ltd', 'hcummings@example.net');
INSERT INTO `clients` (`id_clients`, `title`, `appeal`, `post`, `email_address`) VALUES (95, 'Reprehenderit reprehenderit minus vel ratione nisi dolorem est eveniet.', 'Kendall Leannon IV', 'Crooks-Greenfelder', 'jarrett.bergstrom@example.net');
INSERT INTO `clients` (`id_clients`, `title`, `appeal`, `post`, `email_address`) VALUES (96, 'Sit laborum quam inventore at soluta earum non.', 'Leonie Ortiz DVM', 'Nolan-Huels', 'lemke.kenyon@example.com');
INSERT INTO `clients` (`id_clients`, `title`, `appeal`, `post`, `email_address`) VALUES (97, 'Voluptas optio quidem repudiandae nam incidunt.', 'Kara Kuhn', 'Daniel, Jast and Swift', 'mschultz@example.org');
INSERT INTO `clients` (`id_clients`, `title`, `appeal`, `post`, `email_address`) VALUES (98, 'Minus ut voluptas ab aut soluta praesentium.', 'Miss Annamarie Jacobson PhD', 'Larson Ltd', 'maddison83@example.org');
INSERT INTO `clients` (`id_clients`, `title`, `appeal`, `post`, `email_address`) VALUES (99, 'Quae quo numquam et labore sunt.', 'Daniella Bartoletti', 'Strosin-Russel', 'lbaumbach@example.net');
INSERT INTO `clients` (`id_clients`, `title`, `appeal`, `post`, `email_address`) VALUES (100, 'Ipsa dignissimos quam illo libero et quasi delectus.', 'Moses Wyman', 'Kshlerin, Greenfelder and Skiles', 'ritchie.dion@example.org');


#
# TABLE STRUCTURE FOR: ordered
#

DROP TABLE IF EXISTS `ordered`;

CREATE TABLE `ordered` (
  `id_ordered` int(11) NOT NULL,
  `id_products` int(11) DEFAULT NULL,
  `price` float DEFAULT NULL,
  `quantity` int(11) DEFAULT NULL,
  PRIMARY KEY (`id_ordered`),
  KEY `id_products` (`id_products`),
  CONSTRAINT `ordered_ibfk_1` FOREIGN KEY (`id_products`) REFERENCES `products` (`id_products`)
) ENGINE=InnoDB DEFAULT CHARSET=utf8mb4 COLLATE=utf8mb4_unicode_ci;

INSERT INTO `ordered` (`id_ordered`, `id_products`, `price`, `quantity`) VALUES (0, 69, '43636', 28);
INSERT INTO `ordered` (`id_ordered`, `id_products`, `price`, `quantity`) VALUES (1, 73, '0', 84);
INSERT INTO `ordered` (`id_ordered`, `id_products`, `price`, `quantity`) VALUES (2, 20, '106794000', 19);
INSERT INTO `ordered` (`id_ordered`, `id_products`, `price`, `quantity`) VALUES (3, 27, '26530700', 45);
INSERT INTO `ordered` (`id_ordered`, `id_products`, `price`, `quantity`) VALUES (4, 43, '0', 21);
INSERT INTO `ordered` (`id_ordered`, `id_products`, `price`, `quantity`) VALUES (5, 45, '1391.57', 13);
INSERT INTO `ordered` (`id_ordered`, `id_products`, `price`, `quantity`) VALUES (6, 9, '79210700', 93);
INSERT INTO `ordered` (`id_ordered`, `id_products`, `price`, `quantity`) VALUES (7, 45, '915373', 84);
INSERT INTO `ordered` (`id_ordered`, `id_products`, `price`, `quantity`) VALUES (8, 57, '5849.79', 34);
INSERT INTO `ordered` (`id_ordered`, `id_products`, `price`, `quantity`) VALUES (9, 91, '49072.8', 15);
INSERT INTO `ordered` (`id_ordered`, `id_products`, `price`, `quantity`) VALUES (10, 99, '92956200', 46);
INSERT INTO `ordered` (`id_ordered`, `id_products`, `price`, `quantity`) VALUES (11, 20, '458.1', 44);
INSERT INTO `ordered` (`id_ordered`, `id_products`, `price`, `quantity`) VALUES (12, 90, '0', 59);
INSERT INTO `ordered` (`id_ordered`, `id_products`, `price`, `quantity`) VALUES (13, 72, '69.3565', 66);
INSERT INTO `ordered` (`id_ordered`, `id_products`, `price`, `quantity`) VALUES (14, 5, '132748000', 99);
INSERT INTO `ordered` (`id_ordered`, `id_products`, `price`, `quantity`) VALUES (15, 21, '5306.27', 94);
INSERT INTO `ordered` (`id_ordered`, `id_products`, `price`, `quantity`) VALUES (16, 53, '550199000', 90);
INSERT INTO `ordered` (`id_ordered`, `id_products`, `price`, `quantity`) VALUES (17, 69, '13363800', 91);
INSERT INTO `ordered` (`id_ordered`, `id_products`, `price`, `quantity`) VALUES (18, 56, '2.82818', 42);
INSERT INTO `ordered` (`id_ordered`, `id_products`, `price`, `quantity`) VALUES (19, 42, '35.9', 24);
INSERT INTO `ordered` (`id_ordered`, `id_products`, `price`, `quantity`) VALUES (20, 48, '2229.51', 27);
INSERT INTO `ordered` (`id_ordered`, `id_products`, `price`, `quantity`) VALUES (21, 63, '798', 30);
INSERT INTO `ordered` (`id_ordered`, `id_products`, `price`, `quantity`) VALUES (22, 77, '73.4682', 74);
INSERT INTO `ordered` (`id_ordered`, `id_products`, `price`, `quantity`) VALUES (23, 39, '0.898623', 73);
INSERT INTO `ordered` (`id_ordered`, `id_products`, `price`, `quantity`) VALUES (24, 80, '0.802', 80);
INSERT INTO `ordered` (`id_ordered`, `id_products`, `price`, `quantity`) VALUES (25, 75, '8.2', 36);
INSERT INTO `ordered` (`id_ordered`, `id_products`, `price`, `quantity`) VALUES (26, 27, '1', 75);
INSERT INTO `ordered` (`id_ordered`, `id_products`, `price`, `quantity`) VALUES (27, 27, '73.9464', 76);
INSERT INTO `ordered` (`id_ordered`, `id_products`, `price`, `quantity`) VALUES (28, 33, '340.02', 74);
INSERT INTO `ordered` (`id_ordered`, `id_products`, `price`, `quantity`) VALUES (29, 1, '334388', 80);
INSERT INTO `ordered` (`id_ordered`, `id_products`, `price`, `quantity`) VALUES (30, 33, '184.883', 30);
INSERT INTO `ordered` (`id_ordered`, `id_products`, `price`, `quantity`) VALUES (31, 2, '304817', 27);
INSERT INTO `ordered` (`id_ordered`, `id_products`, `price`, `quantity`) VALUES (32, 97, '4.94239', 75);
INSERT INTO `ordered` (`id_ordered`, `id_products`, `price`, `quantity`) VALUES (33, 17, '212990', 98);
INSERT INTO `ordered` (`id_ordered`, `id_products`, `price`, `quantity`) VALUES (34, 77, '1.85908', 24);
INSERT INTO `ordered` (`id_ordered`, `id_products`, `price`, `quantity`) VALUES (35, 24, '0', 89);
INSERT INTO `ordered` (`id_ordered`, `id_products`, `price`, `quantity`) VALUES (36, 90, '35682400', 32);
INSERT INTO `ordered` (`id_ordered`, `id_products`, `price`, `quantity`) VALUES (37, 9, '268693', 89);
INSERT INTO `ordered` (`id_ordered`, `id_products`, `price`, `quantity`) VALUES (38, 68, '5050310', 48);
INSERT INTO `ordered` (`id_ordered`, `id_products`, `price`, `quantity`) VALUES (39, 45, '28.684', 82);
INSERT INTO `ordered` (`id_ordered`, `id_products`, `price`, `quantity`) VALUES (40, 3, '40.1', 97);
INSERT INTO `ordered` (`id_ordered`, `id_products`, `price`, `quantity`) VALUES (41, 46, '780.353', 57);
INSERT INTO `ordered` (`id_ordered`, `id_products`, `price`, `quantity`) VALUES (42, 40, '3681010', 70);
INSERT INTO `ordered` (`id_ordered`, `id_products`, `price`, `quantity`) VALUES (43, 10, '60.3747', 98);
INSERT INTO `ordered` (`id_ordered`, `id_products`, `price`, `quantity`) VALUES (44, 43, '5.8', 72);
INSERT INTO `ordered` (`id_ordered`, `id_products`, `price`, `quantity`) VALUES (45, 4, '5868440', 74);
INSERT INTO `ordered` (`id_ordered`, `id_products`, `price`, `quantity`) VALUES (46, 99, '0', 57);
INSERT INTO `ordered` (`id_ordered`, `id_products`, `price`, `quantity`) VALUES (47, 78, '0.892667', 44);
INSERT INTO `ordered` (`id_ordered`, `id_products`, `price`, `quantity`) VALUES (48, 9, '19235.2', 14);
INSERT INTO `ordered` (`id_ordered`, `id_products`, `price`, `quantity`) VALUES (49, 45, '10409', 47);
INSERT INTO `ordered` (`id_ordered`, `id_products`, `price`, `quantity`) VALUES (50, 27, '410599', 39);
INSERT INTO `ordered` (`id_ordered`, `id_products`, `price`, `quantity`) VALUES (51, 26, '4384.12', 69);
INSERT INTO `ordered` (`id_ordered`, `id_products`, `price`, `quantity`) VALUES (52, 76, '53598.1', 91);
INSERT INTO `ordered` (`id_ordered`, `id_products`, `price`, `quantity`) VALUES (53, 84, '1091330', 18);
INSERT INTO `ordered` (`id_ordered`, `id_products`, `price`, `quantity`) VALUES (54, 15, '277.474', 56);
INSERT INTO `ordered` (`id_ordered`, `id_products`, `price`, `quantity`) VALUES (55, 69, '9025610', 69);
INSERT INTO `ordered` (`id_ordered`, `id_products`, `price`, `quantity`) VALUES (56, 41, '30.6594', 36);
INSERT INTO `ordered` (`id_ordered`, `id_products`, `price`, `quantity`) VALUES (57, 61, '497466', 83);
INSERT INTO `ordered` (`id_ordered`, `id_products`, `price`, `quantity`) VALUES (58, 23, '0', 82);
INSERT INTO `ordered` (`id_ordered`, `id_products`, `price`, `quantity`) VALUES (59, 82, '1853.18', 40);
INSERT INTO `ordered` (`id_ordered`, `id_products`, `price`, `quantity`) VALUES (60, 48, '2134.23', 52);
INSERT INTO `ordered` (`id_ordered`, `id_products`, `price`, `quantity`) VALUES (61, 100, '886312', 73);
INSERT INTO `ordered` (`id_ordered`, `id_products`, `price`, `quantity`) VALUES (62, 29, '112427', 51);
INSERT INTO `ordered` (`id_ordered`, `id_products`, `price`, `quantity`) VALUES (63, 26, '446284000', 16);
INSERT INTO `ordered` (`id_ordered`, `id_products`, `price`, `quantity`) VALUES (64, 54, '13.058', 26);
INSERT INTO `ordered` (`id_ordered`, `id_products`, `price`, `quantity`) VALUES (65, 11, '1129.14', 30);
INSERT INTO `ordered` (`id_ordered`, `id_products`, `price`, `quantity`) VALUES (66, 80, '7358', 96);
INSERT INTO `ordered` (`id_ordered`, `id_products`, `price`, `quantity`) VALUES (67, 39, '667617000', 82);
INSERT INTO `ordered` (`id_ordered`, `id_products`, `price`, `quantity`) VALUES (68, 25, '32156', 60);
INSERT INTO `ordered` (`id_ordered`, `id_products`, `price`, `quantity`) VALUES (69, 53, '58', 92);
INSERT INTO `ordered` (`id_ordered`, `id_products`, `price`, `quantity`) VALUES (70, 79, '2892.01', 83);
INSERT INTO `ordered` (`id_ordered`, `id_products`, `price`, `quantity`) VALUES (71, 63, '2624520', 90);
INSERT INTO `ordered` (`id_ordered`, `id_products`, `price`, `quantity`) VALUES (72, 39, '2930450', 89);
INSERT INTO `ordered` (`id_ordered`, `id_products`, `price`, `quantity`) VALUES (73, 31, '0', 54);
INSERT INTO `ordered` (`id_ordered`, `id_products`, `price`, `quantity`) VALUES (74, 83, '360822', 63);
INSERT INTO `ordered` (`id_ordered`, `id_products`, `price`, `quantity`) VALUES (75, 64, '74680000', 62);
INSERT INTO `ordered` (`id_ordered`, `id_products`, `price`, `quantity`) VALUES (76, 99, '23418.4', 84);
INSERT INTO `ordered` (`id_ordered`, `id_products`, `price`, `quantity`) VALUES (77, 6, '39575.6', 14);
INSERT INTO `ordered` (`id_ordered`, `id_products`, `price`, `quantity`) VALUES (78, 2, '0.299664', 65);
INSERT INTO `ordered` (`id_ordered`, `id_products`, `price`, `quantity`) VALUES (79, 27, '0', 45);
INSERT INTO `ordered` (`id_ordered`, `id_products`, `price`, `quantity`) VALUES (80, 2, '59272400', 97);
INSERT INTO `ordered` (`id_ordered`, `id_products`, `price`, `quantity`) VALUES (81, 100, '7.31221', 43);
INSERT INTO `ordered` (`id_ordered`, `id_products`, `price`, `quantity`) VALUES (82, 94, '0', 64);
INSERT INTO `ordered` (`id_ordered`, `id_products`, `price`, `quantity`) VALUES (83, 13, '65140300', 74);
INSERT INTO `ordered` (`id_ordered`, `id_products`, `price`, `quantity`) VALUES (84, 95, '0', 45);
INSERT INTO `ordered` (`id_ordered`, `id_products`, `price`, `quantity`) VALUES (85, 71, '2900.87', 38);
INSERT INTO `ordered` (`id_ordered`, `id_products`, `price`, `quantity`) VALUES (86, 49, '1.74', 90);
INSERT INTO `ordered` (`id_ordered`, `id_products`, `price`, `quantity`) VALUES (87, 73, '119088000', 17);
INSERT INTO `ordered` (`id_ordered`, `id_products`, `price`, `quantity`) VALUES (88, 75, '0.902789', 67);
INSERT INTO `ordered` (`id_ordered`, `id_products`, `price`, `quantity`) VALUES (89, 10, '1887.85', 40);
INSERT INTO `ordered` (`id_ordered`, `id_products`, `price`, `quantity`) VALUES (90, 11, '8.20914', 71);
INSERT INTO `ordered` (`id_ordered`, `id_products`, `price`, `quantity`) VALUES (91, 90, '1025.24', 61);
INSERT INTO `ordered` (`id_ordered`, `id_products`, `price`, `quantity`) VALUES (92, 54, '358270000', 74);
INSERT INTO `ordered` (`id_ordered`, `id_products`, `price`, `quantity`) VALUES (93, 44, '19384300', 46);
INSERT INTO `ordered` (`id_ordered`, `id_products`, `price`, `quantity`) VALUES (94, 24, '1328900', 25);
INSERT INTO `ordered` (`id_ordered`, `id_products`, `price`, `quantity`) VALUES (95, 79, '474.22', 41);
INSERT INTO `ordered` (`id_ordered`, `id_products`, `price`, `quantity`) VALUES (96, 66, '49980.5', 87);
INSERT INTO `ordered` (`id_ordered`, `id_products`, `price`, `quantity`) VALUES (97, 7, '29163', 78);
INSERT INTO `ordered` (`id_ordered`, `id_products`, `price`, `quantity`) VALUES (98, 1, '0', 65);
INSERT INTO `ordered` (`id_ordered`, `id_products`, `price`, `quantity`) VALUES (99, 57, '37.9267', 41);


#
# TABLE STRUCTURE FOR: orders
#

DROP TABLE IF EXISTS `orders`;

CREATE TABLE `orders` (
  `id_orders` int(11) NOT NULL,
  `id_clients` int(11) DEFAULT NULL,
  `id_staff` int(11) DEFAULT NULL,
  `date` date DEFAULT NULL,
  `recipients_name` varchar(255) COLLATE utf8mb4_unicode_ci DEFAULT NULL,
  `recipients_address` varchar(255) COLLATE utf8mb4_unicode_ci DEFAULT NULL,
  PRIMARY KEY (`id_orders`),
  KEY `id_clients` (`id_clients`),
  KEY `id_staff` (`id_staff`),
  CONSTRAINT `orders_ibfk_1` FOREIGN KEY (`id_clients`) REFERENCES `clients` (`id_clients`),
  CONSTRAINT `orders_ibfk_2` FOREIGN KEY (`id_staff`) REFERENCES `staff` (`id_staff`)
) ENGINE=InnoDB DEFAULT CHARSET=utf8mb4 COLLATE=utf8mb4_unicode_ci;

INSERT INTO `orders` (`id_orders`, `id_clients`, `id_staff`, `date`, `recipients_name`, `recipients_address`) VALUES (0, 14, 38, '2023-03-11', 'ut', '3833 Alta Common\nNorth Joesph, WY 80633-5463');
INSERT INTO `orders` (`id_orders`, `id_clients`, `id_staff`, `date`, `recipients_name`, `recipients_address`) VALUES (1, 43, 57, '1980-12-10', 'neque', '6885 Jada Station Apt. 398\nPort Isabelleland, CT 18166');
INSERT INTO `orders` (`id_orders`, `id_clients`, `id_staff`, `date`, `recipients_name`, `recipients_address`) VALUES (2, 72, 40, '1997-07-29', 'eaque', '400 Cormier Vista\nNorth Rafaelhaven, DC 16700-2691');
INSERT INTO `orders` (`id_orders`, `id_clients`, `id_staff`, `date`, `recipients_name`, `recipients_address`) VALUES (3, 6, 77, '2011-02-02', 'ab', '0299 Gertrude Mills\nReillyland, RI 10374-7472');
INSERT INTO `orders` (`id_orders`, `id_clients`, `id_staff`, `date`, `recipients_name`, `recipients_address`) VALUES (4, 22, 44, '2009-10-09', 'corporis', '2381 Padberg Junctions\nWest Josephine, MT 61304');
INSERT INTO `orders` (`id_orders`, `id_clients`, `id_staff`, `date`, `recipients_name`, `recipients_address`) VALUES (5, 73, 86, '1991-04-14', 'sed', '09329 Eldridge Street\nWest Alisaport, IL 17998-8407');
INSERT INTO `orders` (`id_orders`, `id_clients`, `id_staff`, `date`, `recipients_name`, `recipients_address`) VALUES (6, 63, 72, '2020-03-28', 'optio', '432 Baumbach Locks\nNew Elyssabury, NM 86417-1836');
INSERT INTO `orders` (`id_orders`, `id_clients`, `id_staff`, `date`, `recipients_name`, `recipients_address`) VALUES (7, 81, 50, '1986-01-29', 'sit', '81602 Camylle Rue\nStiedemannburgh, AR 95172');
INSERT INTO `orders` (`id_orders`, `id_clients`, `id_staff`, `date`, `recipients_name`, `recipients_address`) VALUES (8, 26, 2, '1977-04-02', 'repudiandae', '3813 Akeem Stravenue\nWest Claraburgh, UT 48691-1102');
INSERT INTO `orders` (`id_orders`, `id_clients`, `id_staff`, `date`, `recipients_name`, `recipients_address`) VALUES (9, 72, 75, '1996-11-01', 'reiciendis', '27589 Jules Place\nSouth Estrella, WI 60783');
INSERT INTO `orders` (`id_orders`, `id_clients`, `id_staff`, `date`, `recipients_name`, `recipients_address`) VALUES (10, 82, 24, '1980-09-23', 'nam', '905 Tony Point\nGorczanystad, DC 91615-1422');
INSERT INTO `orders` (`id_orders`, `id_clients`, `id_staff`, `date`, `recipients_name`, `recipients_address`) VALUES (11, 63, 86, '1970-07-19', 'iusto', '4366 Weimann Ford Apt. 955\nNorth Thaddeus, FL 94733-7861');
INSERT INTO `orders` (`id_orders`, `id_clients`, `id_staff`, `date`, `recipients_name`, `recipients_address`) VALUES (12, 47, 36, '2010-03-30', 'aut', '2411 Glover Crescent\nShanafort, TN 90302-3190');
INSERT INTO `orders` (`id_orders`, `id_clients`, `id_staff`, `date`, `recipients_name`, `recipients_address`) VALUES (13, 26, 12, '2011-04-20', 'enim', '3221 Homenick Ramp Suite 918\nEast Carolestad, AZ 06392-5734');
INSERT INTO `orders` (`id_orders`, `id_clients`, `id_staff`, `date`, `recipients_name`, `recipients_address`) VALUES (14, 60, 88, '1974-10-01', 'architecto', '606 Olson Expressway Apt. 653\nNew Josie, NV 53343');
INSERT INTO `orders` (`id_orders`, `id_clients`, `id_staff`, `date`, `recipients_name`, `recipients_address`) VALUES (15, 11, 52, '1986-05-16', 'qui', '06430 Elnora Passage\nWest Katarina, MI 79146-7793');
INSERT INTO `orders` (`id_orders`, `id_clients`, `id_staff`, `date`, `recipients_name`, `recipients_address`) VALUES (16, 81, 62, '2006-06-10', 'ullam', '734 Haag Throughway\nMakaylaview, KS 47805');
INSERT INTO `orders` (`id_orders`, `id_clients`, `id_staff`, `date`, `recipients_name`, `recipients_address`) VALUES (17, 14, 4, '2022-06-23', 'enim', '76478 Halvorson Ways Suite 063\nSouth Sandramouth, IA 53726-4156');
INSERT INTO `orders` (`id_orders`, `id_clients`, `id_staff`, `date`, `recipients_name`, `recipients_address`) VALUES (18, 21, 15, '2016-04-17', 'officia', '1729 Helga Radial Apt. 258\nLake Goldenburgh, KY 15589');
INSERT INTO `orders` (`id_orders`, `id_clients`, `id_staff`, `date`, `recipients_name`, `recipients_address`) VALUES (19, 8, 32, '2006-09-15', 'consectetur', '13025 Elvera Orchard\nDashawnshire, KY 51921-9104');
INSERT INTO `orders` (`id_orders`, `id_clients`, `id_staff`, `date`, `recipients_name`, `recipients_address`) VALUES (20, 63, 5, '1983-05-22', 'nemo', '839 Terry Centers Suite 331\nStarkbury, NM 62324');
INSERT INTO `orders` (`id_orders`, `id_clients`, `id_staff`, `date`, `recipients_name`, `recipients_address`) VALUES (21, 90, 29, '2013-11-15', 'repellat', '36328 Nathanial Harbors\nTedport, NV 02812-2835');
INSERT INTO `orders` (`id_orders`, `id_clients`, `id_staff`, `date`, `recipients_name`, `recipients_address`) VALUES (22, 27, 25, '1976-02-16', 'quisquam', '741 Amos Skyway\nSouth Nellashire, LA 24544-1608');
INSERT INTO `orders` (`id_orders`, `id_clients`, `id_staff`, `date`, `recipients_name`, `recipients_address`) VALUES (23, 2, 63, '1986-05-21', 'qui', '18789 Dietrich Coves\nSteuberburgh, AR 26763-0212');
INSERT INTO `orders` (`id_orders`, `id_clients`, `id_staff`, `date`, `recipients_name`, `recipients_address`) VALUES (24, 89, 72, '2010-12-01', 'facere', '619 Maeve Squares\nPort Kadenburgh, AK 92741-1786');
INSERT INTO `orders` (`id_orders`, `id_clients`, `id_staff`, `date`, `recipients_name`, `recipients_address`) VALUES (25, 57, 96, '1971-12-19', 'corrupti', '5339 Janet Mountains\nWest Diego, VA 20435');
INSERT INTO `orders` (`id_orders`, `id_clients`, `id_staff`, `date`, `recipients_name`, `recipients_address`) VALUES (26, 1, 51, '1972-12-27', 'sit', '42430 Raphael Mews Suite 499\nQuigleyside, LA 50701-1514');
INSERT INTO `orders` (`id_orders`, `id_clients`, `id_staff`, `date`, `recipients_name`, `recipients_address`) VALUES (27, 21, 96, '1984-09-26', 'veniam', '020 Prosacco Plain\nBernieceview, AL 49473');
INSERT INTO `orders` (`id_orders`, `id_clients`, `id_staff`, `date`, `recipients_name`, `recipients_address`) VALUES (28, 64, 11, '1994-02-04', 'qui', '4904 Hermann Underpass\nNorth Hillaryberg, LA 87871-0905');
INSERT INTO `orders` (`id_orders`, `id_clients`, `id_staff`, `date`, `recipients_name`, `recipients_address`) VALUES (29, 7, 12, '1975-08-17', 'placeat', '8557 Monica Dam\nRandalhaven, NH 16939-7651');
INSERT INTO `orders` (`id_orders`, `id_clients`, `id_staff`, `date`, `recipients_name`, `recipients_address`) VALUES (30, 48, 61, '2020-02-07', 'aut', '6142 Kris Village Suite 472\nWest Ephraim, MD 76287');
INSERT INTO `orders` (`id_orders`, `id_clients`, `id_staff`, `date`, `recipients_name`, `recipients_address`) VALUES (31, 41, 80, '1995-10-26', 'at', '03337 Sylvia Radial Suite 291\nBrakuston, WY 03473-3834');
INSERT INTO `orders` (`id_orders`, `id_clients`, `id_staff`, `date`, `recipients_name`, `recipients_address`) VALUES (32, 21, 76, '2003-11-06', 'sunt', '173 Bode Islands\nPfefferfort, CO 48634');
INSERT INTO `orders` (`id_orders`, `id_clients`, `id_staff`, `date`, `recipients_name`, `recipients_address`) VALUES (33, 92, 95, '1996-02-09', 'et', '2663 Darryl Flat\nNorth Nakia, NH 06831');
INSERT INTO `orders` (`id_orders`, `id_clients`, `id_staff`, `date`, `recipients_name`, `recipients_address`) VALUES (34, 83, 32, '2007-04-09', 'temporibus', '316 Stiedemann Causeway\nSouth Fletchermouth, MD 05172-3086');
INSERT INTO `orders` (`id_orders`, `id_clients`, `id_staff`, `date`, `recipients_name`, `recipients_address`) VALUES (35, 49, 94, '2010-05-03', 'ea', '0270 Jerde Crescent Apt. 136\nKathrynechester, PA 69499');
INSERT INTO `orders` (`id_orders`, `id_clients`, `id_staff`, `date`, `recipients_name`, `recipients_address`) VALUES (36, 36, 45, '1971-12-08', 'ut', '56204 Friesen Points Apt. 520\nPort Deborahfort, ME 76942-8423');
INSERT INTO `orders` (`id_orders`, `id_clients`, `id_staff`, `date`, `recipients_name`, `recipients_address`) VALUES (37, 5, 22, '2001-02-26', 'temporibus', '67463 Kuvalis Knoll Suite 837\nWest Chandler, CT 43354');
INSERT INTO `orders` (`id_orders`, `id_clients`, `id_staff`, `date`, `recipients_name`, `recipients_address`) VALUES (38, 98, 59, '1982-05-31', 'labore', '335 Rolfson Port Apt. 523\nTialand, NV 83032-6647');
INSERT INTO `orders` (`id_orders`, `id_clients`, `id_staff`, `date`, `recipients_name`, `recipients_address`) VALUES (40, 9, 92, '2001-02-13', 'cum', '422 Hermiston Drive\nNorth Jackeline, WV 65849-2357');
INSERT INTO `orders` (`id_orders`, `id_clients`, `id_staff`, `date`, `recipients_name`, `recipients_address`) VALUES (41, 8, 63, '1988-03-11', 'voluptas', '95869 Gayle Stream\nSouth Libby, OH 49553-1777');
INSERT INTO `orders` (`id_orders`, `id_clients`, `id_staff`, `date`, `recipients_name`, `recipients_address`) VALUES (42, 77, 80, '2021-08-24', 'facilis', '27917 Nikolaus Fields Apt. 263\nZemlaktown, OR 59365-3141');
INSERT INTO `orders` (`id_orders`, `id_clients`, `id_staff`, `date`, `recipients_name`, `recipients_address`) VALUES (43, 74, 18, '1981-09-21', 'et', '34947 Berneice Motorway\nWest Rosetta, CT 22784');
INSERT INTO `orders` (`id_orders`, `id_clients`, `id_staff`, `date`, `recipients_name`, `recipients_address`) VALUES (44, 18, 50, '1971-08-30', 'nihil', '37731 Davon View Apt. 118\nWymanburgh, NE 47905-0903');
INSERT INTO `orders` (`id_orders`, `id_clients`, `id_staff`, `date`, `recipients_name`, `recipients_address`) VALUES (45, 14, 8, '2007-04-28', 'ducimus', '9478 Rex Trafficway Apt. 810\nLake Glenna, PA 38324');
INSERT INTO `orders` (`id_orders`, `id_clients`, `id_staff`, `date`, `recipients_name`, `recipients_address`) VALUES (46, 91, 10, '1991-05-08', 'doloremque', '29575 Prince Islands\nConnstad, IN 13125-6237');
INSERT INTO `orders` (`id_orders`, `id_clients`, `id_staff`, `date`, `recipients_name`, `recipients_address`) VALUES (47, 25, 88, '2010-10-26', 'in', '708 Hessel Islands Suite 771\nMaegantown, WI 79208-4639');
INSERT INTO `orders` (`id_orders`, `id_clients`, `id_staff`, `date`, `recipients_name`, `recipients_address`) VALUES (48, 12, 29, '1986-08-18', 'et', '275 Jaylin Underpass\nNitzschemouth, NC 53773-1490');
INSERT INTO `orders` (`id_orders`, `id_clients`, `id_staff`, `date`, `recipients_name`, `recipients_address`) VALUES (49, 21, 6, '2018-10-24', 'est', '045 Tremblay Spurs Suite 809\nSouth Marlee, OR 76917');
INSERT INTO `orders` (`id_orders`, `id_clients`, `id_staff`, `date`, `recipients_name`, `recipients_address`) VALUES (50, 43, 7, '2018-08-02', 'nemo', '7291 Johns Center Suite 982\nGerlachchester, AR 13467');
INSERT INTO `orders` (`id_orders`, `id_clients`, `id_staff`, `date`, `recipients_name`, `recipients_address`) VALUES (51, 98, 53, '1989-10-04', 'autem', '5843 Teresa Port\nWest Olga, KS 83956');
INSERT INTO `orders` (`id_orders`, `id_clients`, `id_staff`, `date`, `recipients_name`, `recipients_address`) VALUES (53, 17, 99, '1987-09-29', 'nulla', '66409 Lebsack Route Suite 724\nNorth Cecelia, MS 31675-9870');
INSERT INTO `orders` (`id_orders`, `id_clients`, `id_staff`, `date`, `recipients_name`, `recipients_address`) VALUES (54, 93, 68, '2007-04-08', 'blanditiis', '6694 Bernier Mission\nNew Javonte, NJ 43070');
INSERT INTO `orders` (`id_orders`, `id_clients`, `id_staff`, `date`, `recipients_name`, `recipients_address`) VALUES (55, 21, 71, '2005-11-04', 'rerum', '4328 Cade Mill\nNorth Amyland, MT 49431');
INSERT INTO `orders` (`id_orders`, `id_clients`, `id_staff`, `date`, `recipients_name`, `recipients_address`) VALUES (56, 62, 70, '1999-10-16', 'sed', '26291 Electa Rapid\nWest Devonteview, NM 11839-4083');
INSERT INTO `orders` (`id_orders`, `id_clients`, `id_staff`, `date`, `recipients_name`, `recipients_address`) VALUES (57, 20, 34, '1999-03-29', 'minima', '976 Whitney Manor Apt. 086\nMadalineside, MT 38651');
INSERT INTO `orders` (`id_orders`, `id_clients`, `id_staff`, `date`, `recipients_name`, `recipients_address`) VALUES (58, 61, 97, '2023-02-07', 'facere', '22373 Glenda Passage Apt. 057\nBrauliobury, NV 60136');
INSERT INTO `orders` (`id_orders`, `id_clients`, `id_staff`, `date`, `recipients_name`, `recipients_address`) VALUES (60, 59, 32, '1997-09-06', 'tempore', '845 O\'Connell Coves\nEffertzbury, AZ 81235');
INSERT INTO `orders` (`id_orders`, `id_clients`, `id_staff`, `date`, `recipients_name`, `recipients_address`) VALUES (61, 3, 78, '2013-09-04', 'blanditiis', '84389 Eugene Mission Suite 765\nNew Deshaun, CO 04279');
INSERT INTO `orders` (`id_orders`, `id_clients`, `id_staff`, `date`, `recipients_name`, `recipients_address`) VALUES (63, 44, 87, '2010-08-03', 'quo', '74020 Norwood Shores Suite 793\nEast Lamont, MD 95194-2487');
INSERT INTO `orders` (`id_orders`, `id_clients`, `id_staff`, `date`, `recipients_name`, `recipients_address`) VALUES (64, 66, 34, '1990-03-01', 'ea', '007 Darlene Knoll Apt. 807\nStokesstad, IA 88423');
INSERT INTO `orders` (`id_orders`, `id_clients`, `id_staff`, `date`, `recipients_name`, `recipients_address`) VALUES (65, 48, 77, '2008-04-18', 'iusto', '237 Weissnat Ferry Apt. 530\nNorth Leanne, NJ 37172-7594');
INSERT INTO `orders` (`id_orders`, `id_clients`, `id_staff`, `date`, `recipients_name`, `recipients_address`) VALUES (66, 80, 20, '1984-10-04', 'reprehenderit', '3051 Beatty Fords Apt. 808\nBernierstad, AR 91350');
INSERT INTO `orders` (`id_orders`, `id_clients`, `id_staff`, `date`, `recipients_name`, `recipients_address`) VALUES (67, 75, 85, '1995-02-13', 'alias', '4356 Stark Loop\nEast Linwoodton, VT 94379');
INSERT INTO `orders` (`id_orders`, `id_clients`, `id_staff`, `date`, `recipients_name`, `recipients_address`) VALUES (68, 71, 91, '1997-11-16', 'sequi', '495 Feeney Crossroad Apt. 283\nJohnpaulberg, IN 33758-6676');
INSERT INTO `orders` (`id_orders`, `id_clients`, `id_staff`, `date`, `recipients_name`, `recipients_address`) VALUES (69, 69, 9, '1979-01-15', 'quidem', '1211 Krystal Fords\nLake Annie, NJ 35144');
INSERT INTO `orders` (`id_orders`, `id_clients`, `id_staff`, `date`, `recipients_name`, `recipients_address`) VALUES (70, 80, 91, '2020-03-03', 'corporis', '014 Garret Villages\nEast Shanelle, DE 46480-3828');
INSERT INTO `orders` (`id_orders`, `id_clients`, `id_staff`, `date`, `recipients_name`, `recipients_address`) VALUES (71, 20, 72, '2013-09-19', 'ipsam', '46814 Allie Curve\nSouth Lennaburgh, CA 04377');
INSERT INTO `orders` (`id_orders`, `id_clients`, `id_staff`, `date`, `recipients_name`, `recipients_address`) VALUES (72, 17, 44, '1973-05-29', 'eveniet', '6850 Walter Passage\nBlickberg, FL 29817');
INSERT INTO `orders` (`id_orders`, `id_clients`, `id_staff`, `date`, `recipients_name`, `recipients_address`) VALUES (73, 93, 49, '1984-03-04', 'delectus', '9712 Judge Trail\nEast Vitahaven, GA 19434-4840');
INSERT INTO `orders` (`id_orders`, `id_clients`, `id_staff`, `date`, `recipients_name`, `recipients_address`) VALUES (74, 16, 24, '1974-08-19', 'voluptatem', '494 Aaron Street Apt. 667\nPort Katlynn, KS 94063-4450');
INSERT INTO `orders` (`id_orders`, `id_clients`, `id_staff`, `date`, `recipients_name`, `recipients_address`) VALUES (75, 43, 98, '2008-11-25', 'facere', '98636 Jenkins Club Apt. 580\nEast Rosaliaberg, ND 66620');
INSERT INTO `orders` (`id_orders`, `id_clients`, `id_staff`, `date`, `recipients_name`, `recipients_address`) VALUES (76, 16, 38, '2007-02-03', 'quos', '8804 Treutel Stravenue Suite 334\nLubowitzchester, WA 59041-2519');
INSERT INTO `orders` (`id_orders`, `id_clients`, `id_staff`, `date`, `recipients_name`, `recipients_address`) VALUES (77, 20, 25, '1985-12-11', 'vel', '71232 Kunde Highway\nNaomibury, WV 48955-5356');
INSERT INTO `orders` (`id_orders`, `id_clients`, `id_staff`, `date`, `recipients_name`, `recipients_address`) VALUES (78, 19, 35, '1970-06-17', 'aut', '65337 O\'Kon Square Apt. 787\nBinsborough, AZ 94164');
INSERT INTO `orders` (`id_orders`, `id_clients`, `id_staff`, `date`, `recipients_name`, `recipients_address`) VALUES (79, 4, 85, '1999-06-13', 'est', '745 Predovic Groves Suite 500\nNorth Justina, CO 74987-4435');
INSERT INTO `orders` (`id_orders`, `id_clients`, `id_staff`, `date`, `recipients_name`, `recipients_address`) VALUES (80, 34, 74, '1988-04-11', 'temporibus', '1695 Bahringer Mission Suite 621\nKiehnhaven, AR 49345');
INSERT INTO `orders` (`id_orders`, `id_clients`, `id_staff`, `date`, `recipients_name`, `recipients_address`) VALUES (81, 38, 34, '1986-10-01', 'molestiae', '42067 Simonis Ferry\nPadbergview, MA 74496-0710');
INSERT INTO `orders` (`id_orders`, `id_clients`, `id_staff`, `date`, `recipients_name`, `recipients_address`) VALUES (82, 27, 94, '1981-01-08', 'repellat', '1781 Smith Alley\nElizabethburgh, WV 78556-9562');
INSERT INTO `orders` (`id_orders`, `id_clients`, `id_staff`, `date`, `recipients_name`, `recipients_address`) VALUES (83, 15, 46, '1979-03-31', 'quo', '65504 Selina Mount\nNew Israelland, WI 98301-2487');
INSERT INTO `orders` (`id_orders`, `id_clients`, `id_staff`, `date`, `recipients_name`, `recipients_address`) VALUES (84, 79, 68, '1994-07-20', 'unde', '07013 Stoltenberg Mountain\nNorth Gaetano, IN 73346');
INSERT INTO `orders` (`id_orders`, `id_clients`, `id_staff`, `date`, `recipients_name`, `recipients_address`) VALUES (85, 45, 68, '2004-03-14', 'sed', '81791 Fay Fields Apt. 583\nPetefort, NY 31505');
INSERT INTO `orders` (`id_orders`, `id_clients`, `id_staff`, `date`, `recipients_name`, `recipients_address`) VALUES (86, 70, 22, '1970-10-11', 'omnis', '166 Zora Village\nPort Mollie, UT 59066-5707');
INSERT INTO `orders` (`id_orders`, `id_clients`, `id_staff`, `date`, `recipients_name`, `recipients_address`) VALUES (87, 76, 36, '2010-07-22', 'incidunt', '5242 Morar Highway\nSouth Otha, DC 89071');
INSERT INTO `orders` (`id_orders`, `id_clients`, `id_staff`, `date`, `recipients_name`, `recipients_address`) VALUES (88, 96, 99, '2002-05-15', 'incidunt', '1684 Neha Mills Apt. 567\nNew Brandy, MA 06687');
INSERT INTO `orders` (`id_orders`, `id_clients`, `id_staff`, `date`, `recipients_name`, `recipients_address`) VALUES (89, 62, 10, '2010-12-28', 'voluptatem', '84065 Wilkinson Avenue Apt. 728\nMurphyburgh, AR 28613-0405');
INSERT INTO `orders` (`id_orders`, `id_clients`, `id_staff`, `date`, `recipients_name`, `recipients_address`) VALUES (90, 90, 78, '2021-06-04', 'odio', '13737 Schmeler Drive Suite 597\nEast Ludie, VT 94026');
INSERT INTO `orders` (`id_orders`, `id_clients`, `id_staff`, `date`, `recipients_name`, `recipients_address`) VALUES (91, 42, 92, '1970-05-17', 'assumenda', '3702 Assunta Locks Apt. 241\nNorth Sethburgh, IN 77346');
INSERT INTO `orders` (`id_orders`, `id_clients`, `id_staff`, `date`, `recipients_name`, `recipients_address`) VALUES (92, 50, 79, '1976-12-26', 'blanditiis', '260 Beer Centers Suite 899\nDonland, MS 89045');
INSERT INTO `orders` (`id_orders`, `id_clients`, `id_staff`, `date`, `recipients_name`, `recipients_address`) VALUES (93, 44, 21, '1976-09-15', 'voluptatum', '129 Creola Trace Suite 850\nNorth Arnulfo, NH 59140');
INSERT INTO `orders` (`id_orders`, `id_clients`, `id_staff`, `date`, `recipients_name`, `recipients_address`) VALUES (94, 72, 19, '2013-07-21', 'magnam', '30360 Nikita Route\nLake Myrtis, PA 84521-5603');
INSERT INTO `orders` (`id_orders`, `id_clients`, `id_staff`, `date`, `recipients_name`, `recipients_address`) VALUES (95, 85, 57, '1970-11-28', 'autem', '3155 Kenna Junction\nSouth Justenburgh, NV 50454');
INSERT INTO `orders` (`id_orders`, `id_clients`, `id_staff`, `date`, `recipients_name`, `recipients_address`) VALUES (96, 66, 16, '1984-08-31', 'et', '8739 Sanford Mews Suite 885\nTurcotteborough, MA 21436-9325');
INSERT INTO `orders` (`id_orders`, `id_clients`, `id_staff`, `date`, `recipients_name`, `recipients_address`) VALUES (97, 50, 3, '2005-11-05', 'ipsum', '22256 Gerson Path Apt. 266\nNorth Mona, NJ 99399');
INSERT INTO `orders` (`id_orders`, `id_clients`, `id_staff`, `date`, `recipients_name`, `recipients_address`) VALUES (98, 21, 31, '1986-10-05', 'ut', '3932 Norbert Mews\nWest Melisaport, IN 66231-3600');
INSERT INTO `orders` (`id_orders`, `id_clients`, `id_staff`, `date`, `recipients_name`, `recipients_address`) VALUES (99, 17, 96, '1978-11-13', 'rem', '0705 Ratke Rapids\nNorth Kristopher, NE 87643');


#
# TABLE STRUCTURE FOR: products
#

DROP TABLE IF EXISTS `products`;

CREATE TABLE `products` (
  `id_products` int(11) NOT NULL,
  `stamp` varchar(255) COLLATE utf8mb4_unicode_ci DEFAULT NULL,
  `id_suppliers` int(11) DEFAULT NULL,
  `id_type` int(11) DEFAULT NULL,
  `unit_of_measurement` varchar(255) COLLATE utf8mb4_unicode_ci DEFAULT NULL,
  PRIMARY KEY (`id_products`),
  KEY `id_suppliers` (`id_suppliers`),
  KEY `id_type` (`id_type`),
  CONSTRAINT `products_ibfk_1` FOREIGN KEY (`id_suppliers`) REFERENCES `suppliers` (`id_suppliers`),
  CONSTRAINT `products_ibfk_2` FOREIGN KEY (`id_type`) REFERENCES `types` (`id_types`)
) ENGINE=InnoDB DEFAULT CHARSET=utf8mb4 COLLATE=utf8mb4_unicode_ci;

INSERT INTO `products` (`id_products`, `stamp`, `id_suppliers`, `id_type`, `unit_of_measurement`) VALUES (1, NULL, 79, 67, '90.501899159281');
INSERT INTO `products` (`id_products`, `stamp`, `id_suppliers`, `id_type`, `unit_of_measurement`) VALUES (2, NULL, 68, 95, '22.689137530368');
INSERT INTO `products` (`id_products`, `stamp`, `id_suppliers`, `id_type`, `unit_of_measurement`) VALUES (3, NULL, 44, 66, '32.138872941555');
INSERT INTO `products` (`id_products`, `stamp`, `id_suppliers`, `id_type`, `unit_of_measurement`) VALUES (4, NULL, 57, 27, '51.339783426067');
INSERT INTO `products` (`id_products`, `stamp`, `id_suppliers`, `id_type`, `unit_of_measurement`) VALUES (5, NULL, 28, 21, '20.011261689948');
INSERT INTO `products` (`id_products`, `stamp`, `id_suppliers`, `id_type`, `unit_of_measurement`) VALUES (6, NULL, 55, 40, '10.219778304091');
INSERT INTO `products` (`id_products`, `stamp`, `id_suppliers`, `id_type`, `unit_of_measurement`) VALUES (7, NULL, 22, 28, '58.062147091637');
INSERT INTO `products` (`id_products`, `stamp`, `id_suppliers`, `id_type`, `unit_of_measurement`) VALUES (8, NULL, 87, 86, '39.295893712107');
INSERT INTO `products` (`id_products`, `stamp`, `id_suppliers`, `id_type`, `unit_of_measurement`) VALUES (9, NULL, 49, 11, '82.527427573468');
INSERT INTO `products` (`id_products`, `stamp`, `id_suppliers`, `id_type`, `unit_of_measurement`) VALUES (10, NULL, 73, 10, '40.88741337363');
INSERT INTO `products` (`id_products`, `stamp`, `id_suppliers`, `id_type`, `unit_of_measurement`) VALUES (11, NULL, 19, 39, '14.975451678958');
INSERT INTO `products` (`id_products`, `stamp`, `id_suppliers`, `id_type`, `unit_of_measurement`) VALUES (12, NULL, 91, 84, '51.949771073623');
INSERT INTO `products` (`id_products`, `stamp`, `id_suppliers`, `id_type`, `unit_of_measurement`) VALUES (13, NULL, 76, 79, '59.108233912898');
INSERT INTO `products` (`id_products`, `stamp`, `id_suppliers`, `id_type`, `unit_of_measurement`) VALUES (14, NULL, 18, 54, '40.524577201123');
INSERT INTO `products` (`id_products`, `stamp`, `id_suppliers`, `id_type`, `unit_of_measurement`) VALUES (15, NULL, 79, 24, '27.219875107156');
INSERT INTO `products` (`id_products`, `stamp`, `id_suppliers`, `id_type`, `unit_of_measurement`) VALUES (16, NULL, 66, 59, '37.092899847353');
INSERT INTO `products` (`id_products`, `stamp`, `id_suppliers`, `id_type`, `unit_of_measurement`) VALUES (17, NULL, 34, 37, '17.43053576184');
INSERT INTO `products` (`id_products`, `stamp`, `id_suppliers`, `id_type`, `unit_of_measurement`) VALUES (18, NULL, 70, 40, '85.823284652002');
INSERT INTO `products` (`id_products`, `stamp`, `id_suppliers`, `id_type`, `unit_of_measurement`) VALUES (19, NULL, 2, 95, '41.742539888128');
INSERT INTO `products` (`id_products`, `stamp`, `id_suppliers`, `id_type`, `unit_of_measurement`) VALUES (20, NULL, 40, 48, '3.019675309779');
INSERT INTO `products` (`id_products`, `stamp`, `id_suppliers`, `id_type`, `unit_of_measurement`) VALUES (21, NULL, 32, 47, '98.494769026756');
INSERT INTO `products` (`id_products`, `stamp`, `id_suppliers`, `id_type`, `unit_of_measurement`) VALUES (22, NULL, 12, 29, '35.077426134179');
INSERT INTO `products` (`id_products`, `stamp`, `id_suppliers`, `id_type`, `unit_of_measurement`) VALUES (23, NULL, 7, 86, '76.856816061706');
INSERT INTO `products` (`id_products`, `stamp`, `id_suppliers`, `id_type`, `unit_of_measurement`) VALUES (24, NULL, 56, 11, '78.202482345143');
INSERT INTO `products` (`id_products`, `stamp`, `id_suppliers`, `id_type`, `unit_of_measurement`) VALUES (25, NULL, 63, 14, '32.5702326184');
INSERT INTO `products` (`id_products`, `stamp`, `id_suppliers`, `id_type`, `unit_of_measurement`) VALUES (26, NULL, 61, 43, '30.390136394831');
INSERT INTO `products` (`id_products`, `stamp`, `id_suppliers`, `id_type`, `unit_of_measurement`) VALUES (27, NULL, 50, 18, '45.380150196785');
INSERT INTO `products` (`id_products`, `stamp`, `id_suppliers`, `id_type`, `unit_of_measurement`) VALUES (28, NULL, 77, 73, '83.084594642317');
INSERT INTO `products` (`id_products`, `stamp`, `id_suppliers`, `id_type`, `unit_of_measurement`) VALUES (29, NULL, 82, 39, '92.666111881689');
INSERT INTO `products` (`id_products`, `stamp`, `id_suppliers`, `id_type`, `unit_of_measurement`) VALUES (30, NULL, 34, 79, '51.080091563556');
INSERT INTO `products` (`id_products`, `stamp`, `id_suppliers`, `id_type`, `unit_of_measurement`) VALUES (31, NULL, 74, 58, '38.081115092189');
INSERT INTO `products` (`id_products`, `stamp`, `id_suppliers`, `id_type`, `unit_of_measurement`) VALUES (32, NULL, 12, 62, '73.626666209952');
INSERT INTO `products` (`id_products`, `stamp`, `id_suppliers`, `id_type`, `unit_of_measurement`) VALUES (33, NULL, 20, 81, '82.073598344379');
INSERT INTO `products` (`id_products`, `stamp`, `id_suppliers`, `id_type`, `unit_of_measurement`) VALUES (34, NULL, 15, 20, '54.362935586536');
INSERT INTO `products` (`id_products`, `stamp`, `id_suppliers`, `id_type`, `unit_of_measurement`) VALUES (35, NULL, 39, 43, '41.221042133971');
INSERT INTO `products` (`id_products`, `stamp`, `id_suppliers`, `id_type`, `unit_of_measurement`) VALUES (36, NULL, 31, 34, '77.828706716108');
INSERT INTO `products` (`id_products`, `stamp`, `id_suppliers`, `id_type`, `unit_of_measurement`) VALUES (37, NULL, 13, 25, '11.843796766756');
INSERT INTO `products` (`id_products`, `stamp`, `id_suppliers`, `id_type`, `unit_of_measurement`) VALUES (38, NULL, 33, 12, '70.769299167567');
INSERT INTO `products` (`id_products`, `stamp`, `id_suppliers`, `id_type`, `unit_of_measurement`) VALUES (39, NULL, 92, 86, '79.253887454632');
INSERT INTO `products` (`id_products`, `stamp`, `id_suppliers`, `id_type`, `unit_of_measurement`) VALUES (40, NULL, 37, 48, '77.023304719023');
INSERT INTO `products` (`id_products`, `stamp`, `id_suppliers`, `id_type`, `unit_of_measurement`) VALUES (41, NULL, 50, 30, '37.602615520639');
INSERT INTO `products` (`id_products`, `stamp`, `id_suppliers`, `id_type`, `unit_of_measurement`) VALUES (42, NULL, 51, 73, '9.9557181917856');
INSERT INTO `products` (`id_products`, `stamp`, `id_suppliers`, `id_type`, `unit_of_measurement`) VALUES (43, NULL, 15, 68, '89.910484514158');
INSERT INTO `products` (`id_products`, `stamp`, `id_suppliers`, `id_type`, `unit_of_measurement`) VALUES (44, NULL, 82, 96, '56.261598874937');
INSERT INTO `products` (`id_products`, `stamp`, `id_suppliers`, `id_type`, `unit_of_measurement`) VALUES (45, NULL, 68, 63, '34.705973784302');
INSERT INTO `products` (`id_products`, `stamp`, `id_suppliers`, `id_type`, `unit_of_measurement`) VALUES (46, NULL, 38, 91, '92.019310337035');
INSERT INTO `products` (`id_products`, `stamp`, `id_suppliers`, `id_type`, `unit_of_measurement`) VALUES (47, NULL, 84, 75, '95.94711976915');
INSERT INTO `products` (`id_products`, `stamp`, `id_suppliers`, `id_type`, `unit_of_measurement`) VALUES (48, NULL, 81, 86, '83.137106486194');
INSERT INTO `products` (`id_products`, `stamp`, `id_suppliers`, `id_type`, `unit_of_measurement`) VALUES (49, NULL, 36, 69, '62.526480310376');
INSERT INTO `products` (`id_products`, `stamp`, `id_suppliers`, `id_type`, `unit_of_measurement`) VALUES (50, NULL, 95, 24, '50.272706462663');
INSERT INTO `products` (`id_products`, `stamp`, `id_suppliers`, `id_type`, `unit_of_measurement`) VALUES (51, NULL, 13, 93, '16.453917412299');
INSERT INTO `products` (`id_products`, `stamp`, `id_suppliers`, `id_type`, `unit_of_measurement`) VALUES (52, NULL, 47, 12, '75.398184132482');
INSERT INTO `products` (`id_products`, `stamp`, `id_suppliers`, `id_type`, `unit_of_measurement`) VALUES (53, NULL, 83, 16, '29.103734290741');
INSERT INTO `products` (`id_products`, `stamp`, `id_suppliers`, `id_type`, `unit_of_measurement`) VALUES (54, NULL, 63, 47, '42.387140550365');
INSERT INTO `products` (`id_products`, `stamp`, `id_suppliers`, `id_type`, `unit_of_measurement`) VALUES (55, NULL, 98, 69, '44.747453320654');
INSERT INTO `products` (`id_products`, `stamp`, `id_suppliers`, `id_type`, `unit_of_measurement`) VALUES (56, NULL, 72, 18, '71.648715465166');
INSERT INTO `products` (`id_products`, `stamp`, `id_suppliers`, `id_type`, `unit_of_measurement`) VALUES (57, NULL, 95, 26, '27.25190663396');
INSERT INTO `products` (`id_products`, `stamp`, `id_suppliers`, `id_type`, `unit_of_measurement`) VALUES (58, NULL, 83, 63, '98.916582772004');
INSERT INTO `products` (`id_products`, `stamp`, `id_suppliers`, `id_type`, `unit_of_measurement`) VALUES (59, NULL, 2, 11, '64.023896885581');
INSERT INTO `products` (`id_products`, `stamp`, `id_suppliers`, `id_type`, `unit_of_measurement`) VALUES (60, NULL, 79, 64, '64.095858839385');
INSERT INTO `products` (`id_products`, `stamp`, `id_suppliers`, `id_type`, `unit_of_measurement`) VALUES (61, NULL, 72, 50, '7.8833664594606');
INSERT INTO `products` (`id_products`, `stamp`, `id_suppliers`, `id_type`, `unit_of_measurement`) VALUES (62, NULL, 71, 11, '45.66701468903');
INSERT INTO `products` (`id_products`, `stamp`, `id_suppliers`, `id_type`, `unit_of_measurement`) VALUES (63, NULL, 68, 33, '32.51935167076');
INSERT INTO `products` (`id_products`, `stamp`, `id_suppliers`, `id_type`, `unit_of_measurement`) VALUES (64, NULL, 10, 93, '54.907756489193');
INSERT INTO `products` (`id_products`, `stamp`, `id_suppliers`, `id_type`, `unit_of_measurement`) VALUES (65, NULL, 12, 86, '73.14170787071');
INSERT INTO `products` (`id_products`, `stamp`, `id_suppliers`, `id_type`, `unit_of_measurement`) VALUES (66, NULL, 77, 6, '93.818228349005');
INSERT INTO `products` (`id_products`, `stamp`, `id_suppliers`, `id_type`, `unit_of_measurement`) VALUES (67, NULL, 100, 56, '13.474849054345');
INSERT INTO `products` (`id_products`, `stamp`, `id_suppliers`, `id_type`, `unit_of_measurement`) VALUES (68, NULL, 64, 39, '17.739475785633');
INSERT INTO `products` (`id_products`, `stamp`, `id_suppliers`, `id_type`, `unit_of_measurement`) VALUES (69, NULL, 25, 92, '79.09541894174');
INSERT INTO `products` (`id_products`, `stamp`, `id_suppliers`, `id_type`, `unit_of_measurement`) VALUES (70, NULL, 19, 70, '76.374454700097');
INSERT INTO `products` (`id_products`, `stamp`, `id_suppliers`, `id_type`, `unit_of_measurement`) VALUES (71, NULL, 10, 42, '70.724299256561');
INSERT INTO `products` (`id_products`, `stamp`, `id_suppliers`, `id_type`, `unit_of_measurement`) VALUES (72, NULL, 43, 16, '63.065303035111');
INSERT INTO `products` (`id_products`, `stamp`, `id_suppliers`, `id_type`, `unit_of_measurement`) VALUES (73, NULL, 27, 23, '60.162204098498');
INSERT INTO `products` (`id_products`, `stamp`, `id_suppliers`, `id_type`, `unit_of_measurement`) VALUES (74, NULL, 32, 83, '61.95559775315');
INSERT INTO `products` (`id_products`, `stamp`, `id_suppliers`, `id_type`, `unit_of_measurement`) VALUES (75, NULL, 97, 81, '99.221930693473');
INSERT INTO `products` (`id_products`, `stamp`, `id_suppliers`, `id_type`, `unit_of_measurement`) VALUES (76, NULL, 62, 65, '22.620100282421');
INSERT INTO `products` (`id_products`, `stamp`, `id_suppliers`, `id_type`, `unit_of_measurement`) VALUES (77, NULL, 8, 26, '37.442916401868');
INSERT INTO `products` (`id_products`, `stamp`, `id_suppliers`, `id_type`, `unit_of_measurement`) VALUES (78, NULL, 18, 37, '83.137592707825');
INSERT INTO `products` (`id_products`, `stamp`, `id_suppliers`, `id_type`, `unit_of_measurement`) VALUES (79, NULL, 57, 45, '72.120741516874');
INSERT INTO `products` (`id_products`, `stamp`, `id_suppliers`, `id_type`, `unit_of_measurement`) VALUES (80, NULL, 70, 33, '20.168148311399');
INSERT INTO `products` (`id_products`, `stamp`, `id_suppliers`, `id_type`, `unit_of_measurement`) VALUES (81, NULL, 87, 32, '1.5541426015804');
INSERT INTO `products` (`id_products`, `stamp`, `id_suppliers`, `id_type`, `unit_of_measurement`) VALUES (82, NULL, 1, 81, '72.796690865791');
INSERT INTO `products` (`id_products`, `stamp`, `id_suppliers`, `id_type`, `unit_of_measurement`) VALUES (83, NULL, 88, 17, '71.819506033705');
INSERT INTO `products` (`id_products`, `stamp`, `id_suppliers`, `id_type`, `unit_of_measurement`) VALUES (84, NULL, 64, 71, '54.696143311307');
INSERT INTO `products` (`id_products`, `stamp`, `id_suppliers`, `id_type`, `unit_of_measurement`) VALUES (85, NULL, 69, 77, '63.496033578876');
INSERT INTO `products` (`id_products`, `stamp`, `id_suppliers`, `id_type`, `unit_of_measurement`) VALUES (86, NULL, 56, 22, '60.039413751587');
INSERT INTO `products` (`id_products`, `stamp`, `id_suppliers`, `id_type`, `unit_of_measurement`) VALUES (87, NULL, 2, 13, '74.711200682778');
INSERT INTO `products` (`id_products`, `stamp`, `id_suppliers`, `id_type`, `unit_of_measurement`) VALUES (88, NULL, 82, 97, '88.03573934689');
INSERT INTO `products` (`id_products`, `stamp`, `id_suppliers`, `id_type`, `unit_of_measurement`) VALUES (89, NULL, 66, 82, '85.394482168087');
INSERT INTO `products` (`id_products`, `stamp`, `id_suppliers`, `id_type`, `unit_of_measurement`) VALUES (90, NULL, 21, 32, '12.021202660176');
INSERT INTO `products` (`id_products`, `stamp`, `id_suppliers`, `id_type`, `unit_of_measurement`) VALUES (91, NULL, 92, 25, '69.077965678218');
INSERT INTO `products` (`id_products`, `stamp`, `id_suppliers`, `id_type`, `unit_of_measurement`) VALUES (92, NULL, 66, 87, '4.8902101213533');
INSERT INTO `products` (`id_products`, `stamp`, `id_suppliers`, `id_type`, `unit_of_measurement`) VALUES (93, NULL, 78, 13, '28.790068876832');
INSERT INTO `products` (`id_products`, `stamp`, `id_suppliers`, `id_type`, `unit_of_measurement`) VALUES (94, NULL, 5, 18, '1.1747034379163');
INSERT INTO `products` (`id_products`, `stamp`, `id_suppliers`, `id_type`, `unit_of_measurement`) VALUES (95, NULL, 17, 48, '48.26072292368');
INSERT INTO `products` (`id_products`, `stamp`, `id_suppliers`, `id_type`, `unit_of_measurement`) VALUES (96, NULL, 98, 98, '34.348917227401');
INSERT INTO `products` (`id_products`, `stamp`, `id_suppliers`, `id_type`, `unit_of_measurement`) VALUES (97, NULL, 95, 70, '21.474559170881');
INSERT INTO `products` (`id_products`, `stamp`, `id_suppliers`, `id_type`, `unit_of_measurement`) VALUES (98, NULL, 91, 89, '12.023263074468');
INSERT INTO `products` (`id_products`, `stamp`, `id_suppliers`, `id_type`, `unit_of_measurement`) VALUES (99, NULL, 36, 58, '14.971111227745');
INSERT INTO `products` (`id_products`, `stamp`, `id_suppliers`, `id_type`, `unit_of_measurement`) VALUES (100, NULL, 83, 26, '47.468452091547');


#
# TABLE STRUCTURE FOR: staff
#

DROP TABLE IF EXISTS `staff`;

CREATE TABLE `staff` (
  `id_staff` int(11) NOT NULL,
  `full_name` varchar(255) COLLATE utf8mb4_unicode_ci DEFAULT NULL,
  `post` varchar(255) COLLATE utf8mb4_unicode_ci DEFAULT NULL,
  `date_of_birth` date DEFAULT NULL,
  PRIMARY KEY (`id_staff`)
) ENGINE=InnoDB DEFAULT CHARSET=utf8mb4 COLLATE=utf8mb4_unicode_ci;

INSERT INTO `staff` (`id_staff`, `full_name`, `post`, `date_of_birth`) VALUES (0, 'Carole Predovic PhD', 'Cartwright-Schaefer', '1992-06-19');
INSERT INTO `staff` (`id_staff`, `full_name`, `post`, `date_of_birth`) VALUES (1, 'Tiara Douglas', 'Mertz and Sons', '2013-10-05');
INSERT INTO `staff` (`id_staff`, `full_name`, `post`, `date_of_birth`) VALUES (2, 'Dr. Kiera Stark', 'Wunsch-Mosciski', '2003-08-09');
INSERT INTO `staff` (`id_staff`, `full_name`, `post`, `date_of_birth`) VALUES (3, 'Chyna Weber', 'Walter PLC', '1989-12-01');
INSERT INTO `staff` (`id_staff`, `full_name`, `post`, `date_of_birth`) VALUES (4, 'Katelyn King', 'Koepp-Mohr', '1994-08-08');
INSERT INTO `staff` (`id_staff`, `full_name`, `post`, `date_of_birth`) VALUES (5, 'Mr. Rudy Baumbach III', 'Lynch, Kuphal and Larson', '2017-12-16');
INSERT INTO `staff` (`id_staff`, `full_name`, `post`, `date_of_birth`) VALUES (6, 'Mac Sawayn', 'Casper, Rice and Wilderman', '2001-11-30');
INSERT INTO `staff` (`id_staff`, `full_name`, `post`, `date_of_birth`) VALUES (7, 'Lura Bednar Sr.', 'McKenzie Inc', '2021-02-16');
INSERT INTO `staff` (`id_staff`, `full_name`, `post`, `date_of_birth`) VALUES (8, 'Lyla Crist', 'Wunsch Group', '2019-02-05');
INSERT INTO `staff` (`id_staff`, `full_name`, `post`, `date_of_birth`) VALUES (9, 'Justine Legros', 'Sawayn Ltd', '2000-08-22');
INSERT INTO `staff` (`id_staff`, `full_name`, `post`, `date_of_birth`) VALUES (10, 'Talon Moore IV', 'Donnelly LLC', '1980-07-18');
INSERT INTO `staff` (`id_staff`, `full_name`, `post`, `date_of_birth`) VALUES (11, 'Immanuel Von', 'Parisian Inc', '1977-02-28');
INSERT INTO `staff` (`id_staff`, `full_name`, `post`, `date_of_birth`) VALUES (12, 'Augusta Wuckert', 'Kuhlman-Lebsack', '1992-01-31');
INSERT INTO `staff` (`id_staff`, `full_name`, `post`, `date_of_birth`) VALUES (13, 'Libby Brown', 'Lowe LLC', '2007-05-03');
INSERT INTO `staff` (`id_staff`, `full_name`, `post`, `date_of_birth`) VALUES (14, 'Prof. Erna Waelchi', 'Balistreri LLC', '1997-10-19');
INSERT INTO `staff` (`id_staff`, `full_name`, `post`, `date_of_birth`) VALUES (15, 'Frank Schimmel', 'Koss-Wilkinson', '1970-09-26');
INSERT INTO `staff` (`id_staff`, `full_name`, `post`, `date_of_birth`) VALUES (16, 'Dr. Ruby Reichert PhD', 'Bartoletti Inc', '2010-10-19');
INSERT INTO `staff` (`id_staff`, `full_name`, `post`, `date_of_birth`) VALUES (17, 'Pattie Hand', 'Davis, Kassulke and Donnelly', '1987-12-26');
INSERT INTO `staff` (`id_staff`, `full_name`, `post`, `date_of_birth`) VALUES (18, 'Dr. Eladio O\'Hara II', 'Nikolaus, Kiehn and Weimann', '1982-06-09');
INSERT INTO `staff` (`id_staff`, `full_name`, `post`, `date_of_birth`) VALUES (19, 'Lizeth Roob', 'McLaughlin Group', '1994-09-28');
INSERT INTO `staff` (`id_staff`, `full_name`, `post`, `date_of_birth`) VALUES (20, 'Urban Bode', 'Predovic, Pouros and Hilpert', '2019-03-21');
INSERT INTO `staff` (`id_staff`, `full_name`, `post`, `date_of_birth`) VALUES (21, 'Willis Bartoletti', 'Pacocha Ltd', '1981-09-21');
INSERT INTO `staff` (`id_staff`, `full_name`, `post`, `date_of_birth`) VALUES (22, 'Evert Jones', 'Grant LLC', '2001-04-01');
INSERT INTO `staff` (`id_staff`, `full_name`, `post`, `date_of_birth`) VALUES (23, 'Mrs. Mireya O\'Kon IV', 'Mitchell-Nienow', '1970-02-06');
INSERT INTO `staff` (`id_staff`, `full_name`, `post`, `date_of_birth`) VALUES (24, 'Alize Satterfield', 'Mills, Nitzsche and Mitchell', '2016-08-01');
INSERT INTO `staff` (`id_staff`, `full_name`, `post`, `date_of_birth`) VALUES (25, 'Prof. Zander Mertz', 'Hauck-Hayes', '1999-01-31');
INSERT INTO `staff` (`id_staff`, `full_name`, `post`, `date_of_birth`) VALUES (26, 'Anjali Swaniawski', 'Yost-Kling', '1994-02-18');
INSERT INTO `staff` (`id_staff`, `full_name`, `post`, `date_of_birth`) VALUES (27, 'Aniya Bahringer', 'Botsford and Sons', '2015-07-17');
INSERT INTO `staff` (`id_staff`, `full_name`, `post`, `date_of_birth`) VALUES (28, 'Mya Pollich', 'Nikolaus PLC', '1994-01-09');
INSERT INTO `staff` (`id_staff`, `full_name`, `post`, `date_of_birth`) VALUES (29, 'Zoila McKenzie', 'Bashirian Ltd', '1977-07-19');
INSERT INTO `staff` (`id_staff`, `full_name`, `post`, `date_of_birth`) VALUES (30, 'Dr. Ramon Crooks PhD', 'Lebsack-Kirlin', '2015-11-23');
INSERT INTO `staff` (`id_staff`, `full_name`, `post`, `date_of_birth`) VALUES (31, 'Francis Wiza', 'Gusikowski, Dickinson and Miller', '1986-04-24');
INSERT INTO `staff` (`id_staff`, `full_name`, `post`, `date_of_birth`) VALUES (32, 'Santiago Mitchell', 'Bartell-Buckridge', '2018-11-30');
INSERT INTO `staff` (`id_staff`, `full_name`, `post`, `date_of_birth`) VALUES (33, 'Frieda Kuhic IV', 'Walter, Gaylord and Morissette', '2022-12-04');
INSERT INTO `staff` (`id_staff`, `full_name`, `post`, `date_of_birth`) VALUES (34, 'Dandre Jacobs', 'Hagenes-Tremblay', '1983-02-27');
INSERT INTO `staff` (`id_staff`, `full_name`, `post`, `date_of_birth`) VALUES (35, 'Francesco Hudson', 'Vandervort Inc', '2008-02-15');
INSERT INTO `staff` (`id_staff`, `full_name`, `post`, `date_of_birth`) VALUES (36, 'Prof. Shanon Powlowski', 'Oberbrunner, Roberts and Wiegand', '2016-05-18');
INSERT INTO `staff` (`id_staff`, `full_name`, `post`, `date_of_birth`) VALUES (37, 'Samson Wisoky', 'Rice PLC', '2008-10-07');
INSERT INTO `staff` (`id_staff`, `full_name`, `post`, `date_of_birth`) VALUES (38, 'Dr. Coleman Schroeder', 'Marquardt PLC', '1990-06-28');
INSERT INTO `staff` (`id_staff`, `full_name`, `post`, `date_of_birth`) VALUES (39, 'Prof. Emmalee Koepp', 'Mraz-Romaguera', '1974-12-10');
INSERT INTO `staff` (`id_staff`, `full_name`, `post`, `date_of_birth`) VALUES (40, 'Okey Corkery', 'Oberbrunner-Strosin', '2016-08-31');
INSERT INTO `staff` (`id_staff`, `full_name`, `post`, `date_of_birth`) VALUES (41, 'Ashly Klein', 'Considine-Gleason', '1988-01-21');
INSERT INTO `staff` (`id_staff`, `full_name`, `post`, `date_of_birth`) VALUES (42, 'Elza Lemke', 'Kessler, Pouros and Ullrich', '1981-09-28');
INSERT INTO `staff` (`id_staff`, `full_name`, `post`, `date_of_birth`) VALUES (43, 'Emily Rath', 'Tremblay Ltd', '1990-12-28');
INSERT INTO `staff` (`id_staff`, `full_name`, `post`, `date_of_birth`) VALUES (44, 'Prof. Wilson Bruen PhD', 'White, Hoppe and Lebsack', '1978-10-15');
INSERT INTO `staff` (`id_staff`, `full_name`, `post`, `date_of_birth`) VALUES (45, 'Prof. Sister Pagac V', 'Reichert Group', '2003-10-14');
INSERT INTO `staff` (`id_staff`, `full_name`, `post`, `date_of_birth`) VALUES (46, 'Sylvan Streich', 'Kassulke, Adams and Stiedemann', '2015-07-25');
INSERT INTO `staff` (`id_staff`, `full_name`, `post`, `date_of_birth`) VALUES (47, 'Miss Reta Ruecker', 'Runte, Huels and Brakus', '1986-03-14');
INSERT INTO `staff` (`id_staff`, `full_name`, `post`, `date_of_birth`) VALUES (48, 'Dianna Moen', 'Paucek-Schowalter', '2008-05-16');
INSERT INTO `staff` (`id_staff`, `full_name`, `post`, `date_of_birth`) VALUES (49, 'Jaida Gulgowski', 'Paucek Ltd', '1979-10-20');
INSERT INTO `staff` (`id_staff`, `full_name`, `post`, `date_of_birth`) VALUES (50, 'Alvis Streich', 'Lockman and Sons', '2003-08-07');
INSERT INTO `staff` (`id_staff`, `full_name`, `post`, `date_of_birth`) VALUES (51, 'Dr. Shad Powlowski II', 'Kilback-Mohr', '1984-03-15');
INSERT INTO `staff` (`id_staff`, `full_name`, `post`, `date_of_birth`) VALUES (52, 'Tristian Hermann', 'Williamson-Conroy', '1984-02-15');
INSERT INTO `staff` (`id_staff`, `full_name`, `post`, `date_of_birth`) VALUES (53, 'Ophelia Nitzsche', 'Bruen Inc', '2020-04-29');
INSERT INTO `staff` (`id_staff`, `full_name`, `post`, `date_of_birth`) VALUES (54, 'Geraldine Greenfelder V', 'Schroeder-Weimann', '1983-06-03');
INSERT INTO `staff` (`id_staff`, `full_name`, `post`, `date_of_birth`) VALUES (55, 'Mikayla Denesik', 'Hagenes PLC', '1978-02-11');
INSERT INTO `staff` (`id_staff`, `full_name`, `post`, `date_of_birth`) VALUES (56, 'Alvena Lynch', 'Morar-Halvorson', '2013-09-18');
INSERT INTO `staff` (`id_staff`, `full_name`, `post`, `date_of_birth`) VALUES (57, 'Gwen Huels', 'Stroman, Reinger and Mohr', '2010-01-12');
INSERT INTO `staff` (`id_staff`, `full_name`, `post`, `date_of_birth`) VALUES (58, 'Mr. Kobe Bechtelar', 'Schowalter, Anderson and Jaskolski', '2004-11-19');
INSERT INTO `staff` (`id_staff`, `full_name`, `post`, `date_of_birth`) VALUES (59, 'Maddison Spinka II', 'Kirlin PLC', '1990-04-29');
INSERT INTO `staff` (`id_staff`, `full_name`, `post`, `date_of_birth`) VALUES (60, 'Buddy Cassin', 'Stehr-Hyatt', '1990-11-18');
INSERT INTO `staff` (`id_staff`, `full_name`, `post`, `date_of_birth`) VALUES (61, 'Fred Stehr', 'Hamill-Pfeffer', '2010-02-07');
INSERT INTO `staff` (`id_staff`, `full_name`, `post`, `date_of_birth`) VALUES (62, 'Theodora Dicki', 'Streich-Rodriguez', '2015-03-04');
INSERT INTO `staff` (`id_staff`, `full_name`, `post`, `date_of_birth`) VALUES (63, 'Daniella Weber', 'Barrows-Osinski', '1976-09-04');
INSERT INTO `staff` (`id_staff`, `full_name`, `post`, `date_of_birth`) VALUES (64, 'Mariah Vandervort', 'Feil-Eichmann', '2003-09-08');
INSERT INTO `staff` (`id_staff`, `full_name`, `post`, `date_of_birth`) VALUES (65, 'Lilian Grant', 'Doyle, Prosacco and O\'Connell', '2018-10-19');
INSERT INTO `staff` (`id_staff`, `full_name`, `post`, `date_of_birth`) VALUES (66, 'Prof. Rita Pagac I', 'Schulist-Cummerata', '2015-11-09');
INSERT INTO `staff` (`id_staff`, `full_name`, `post`, `date_of_birth`) VALUES (67, 'Ms. Pearlie Padberg', 'Gerhold-Gulgowski', '1975-01-09');
INSERT INTO `staff` (`id_staff`, `full_name`, `post`, `date_of_birth`) VALUES (68, 'Irma Marquardt PhD', 'Welch-Cole', '1995-02-19');
INSERT INTO `staff` (`id_staff`, `full_name`, `post`, `date_of_birth`) VALUES (69, 'Roger Botsford IV', 'Orn-Rosenbaum', '1988-01-15');
INSERT INTO `staff` (`id_staff`, `full_name`, `post`, `date_of_birth`) VALUES (70, 'Dimitri Mitchell', 'Jakubowski PLC', '2018-03-23');
INSERT INTO `staff` (`id_staff`, `full_name`, `post`, `date_of_birth`) VALUES (71, 'Maribel Lebsack', 'Kuphal, Koepp and Stanton', '2004-03-08');
INSERT INTO `staff` (`id_staff`, `full_name`, `post`, `date_of_birth`) VALUES (72, 'Kennith Gusikowski Sr.', 'Hamill PLC', '1998-06-05');
INSERT INTO `staff` (`id_staff`, `full_name`, `post`, `date_of_birth`) VALUES (73, 'Karen Satterfield', 'Green, Armstrong and Kutch', '2020-10-08');
INSERT INTO `staff` (`id_staff`, `full_name`, `post`, `date_of_birth`) VALUES (74, 'Retta Ward III', 'Satterfield, Roob and Hoppe', '1970-12-21');
INSERT INTO `staff` (`id_staff`, `full_name`, `post`, `date_of_birth`) VALUES (75, 'Prof. Ted Ward V', 'Dickinson and Sons', '1990-01-05');
INSERT INTO `staff` (`id_staff`, `full_name`, `post`, `date_of_birth`) VALUES (76, 'Prof. Israel Doyle', 'Durgan, Jacobi and Baumbach', '2014-08-25');
INSERT INTO `staff` (`id_staff`, `full_name`, `post`, `date_of_birth`) VALUES (77, 'Justen Bednar', 'Veum-Ferry', '1976-09-13');
INSERT INTO `staff` (`id_staff`, `full_name`, `post`, `date_of_birth`) VALUES (78, 'Carroll Beer III', 'Ratke, Boyle and Satterfield', '2015-01-18');
INSERT INTO `staff` (`id_staff`, `full_name`, `post`, `date_of_birth`) VALUES (79, 'Joanie Borer MD', 'Swaniawski, Barton and Romaguera', '1973-11-26');
INSERT INTO `staff` (`id_staff`, `full_name`, `post`, `date_of_birth`) VALUES (80, 'Johan Waters', 'Kshlerin, Ratke and Fay', '2012-07-09');
INSERT INTO `staff` (`id_staff`, `full_name`, `post`, `date_of_birth`) VALUES (81, 'Kendra Tromp', 'Runte, Goldner and Klocko', '1970-06-03');
INSERT INTO `staff` (`id_staff`, `full_name`, `post`, `date_of_birth`) VALUES (82, 'Mr. Connor Bergstrom', 'Bahringer Ltd', '1979-02-03');
INSERT INTO `staff` (`id_staff`, `full_name`, `post`, `date_of_birth`) VALUES (83, 'Ms. Yvette Treutel', 'D\'Amore-Cole', '2017-12-29');
INSERT INTO `staff` (`id_staff`, `full_name`, `post`, `date_of_birth`) VALUES (84, 'Westley Wyman', 'Steuber, Senger and Hintz', '2007-10-25');
INSERT INTO `staff` (`id_staff`, `full_name`, `post`, `date_of_birth`) VALUES (85, 'Tressie Shields', 'Breitenberg, Botsford and Bailey', '2015-02-06');
INSERT INTO `staff` (`id_staff`, `full_name`, `post`, `date_of_birth`) VALUES (86, 'Glenna King', 'Lakin Inc', '2021-06-25');
INSERT INTO `staff` (`id_staff`, `full_name`, `post`, `date_of_birth`) VALUES (87, 'Isaiah Kessler Jr.', 'Kohler, Prohaska and Jacobs', '1972-05-15');
INSERT INTO `staff` (`id_staff`, `full_name`, `post`, `date_of_birth`) VALUES (88, 'Prof. Conrad Runolfsdottir', 'Hoppe LLC', '1997-12-15');
INSERT INTO `staff` (`id_staff`, `full_name`, `post`, `date_of_birth`) VALUES (89, 'Ms. Ada Mayer', 'Ruecker, Bartell and Stiedemann', '1984-04-13');
INSERT INTO `staff` (`id_staff`, `full_name`, `post`, `date_of_birth`) VALUES (90, 'Dr. Domenica Langworth', 'Murazik Group', '1980-11-20');
INSERT INTO `staff` (`id_staff`, `full_name`, `post`, `date_of_birth`) VALUES (91, 'Kyla Mann', 'Konopelski Inc', '1996-12-03');
INSERT INTO `staff` (`id_staff`, `full_name`, `post`, `date_of_birth`) VALUES (92, 'Leonor Armstrong', 'Fahey LLC', '2014-07-25');
INSERT INTO `staff` (`id_staff`, `full_name`, `post`, `date_of_birth`) VALUES (93, 'Herminio Cormier', 'Schaefer and Sons', '1979-10-04');
INSERT INTO `staff` (`id_staff`, `full_name`, `post`, `date_of_birth`) VALUES (94, 'Rico Buckridge', 'Roberts, Anderson and Hauck', '1988-10-29');
INSERT INTO `staff` (`id_staff`, `full_name`, `post`, `date_of_birth`) VALUES (95, 'Kristy Dickens', 'Mertz, Lesch and Stehr', '1980-02-04');
INSERT INTO `staff` (`id_staff`, `full_name`, `post`, `date_of_birth`) VALUES (96, 'Veronica Blanda', 'Marvin, Bergstrom and Ryan', '1994-07-12');
INSERT INTO `staff` (`id_staff`, `full_name`, `post`, `date_of_birth`) VALUES (97, 'Faye Christiansen I', 'Marks LLC', '2013-02-13');
INSERT INTO `staff` (`id_staff`, `full_name`, `post`, `date_of_birth`) VALUES (98, 'Monique Klocko Jr.', 'Corwin and Sons', '1980-09-03');
INSERT INTO `staff` (`id_staff`, `full_name`, `post`, `date_of_birth`) VALUES (99, 'Loren Considine', 'Gislason Group', '1971-06-05');


#
# TABLE STRUCTURE FOR: suppliers
#

DROP TABLE IF EXISTS `suppliers`;

CREATE TABLE `suppliers` (
  `id_suppliers` int(11) NOT NULL,
  `name` varchar(255) COLLATE utf8mb4_unicode_ci DEFAULT NULL,
  `appeal` varchar(255) COLLATE utf8mb4_unicode_ci DEFAULT NULL,
  `post` varchar(255) COLLATE utf8mb4_unicode_ci DEFAULT NULL,
  PRIMARY KEY (`id_suppliers`)
) ENGINE=InnoDB DEFAULT CHARSET=utf8mb4 COLLATE=utf8mb4_unicode_ci;

INSERT INTO `suppliers` (`id_suppliers`, `name`, `appeal`, `post`) VALUES (1, 'mollitia', 'Immanuel Yundt', 'Stanton-Cruickshank');
INSERT INTO `suppliers` (`id_suppliers`, `name`, `appeal`, `post`) VALUES (2, 'accusamus', 'Jacinto Gaylord MD', 'Hansen and Sons');
INSERT INTO `suppliers` (`id_suppliers`, `name`, `appeal`, `post`) VALUES (3, 'repellendus', 'Marquis O\'Hara', 'Volkman Inc');
INSERT INTO `suppliers` (`id_suppliers`, `name`, `appeal`, `post`) VALUES (4, 'vel', 'Hilbert Krajcik', 'Sauer-Terry');
INSERT INTO `suppliers` (`id_suppliers`, `name`, `appeal`, `post`) VALUES (5, 'sed', 'Josue Mante', 'Muller, Roberts and Jaskolski');
INSERT INTO `suppliers` (`id_suppliers`, `name`, `appeal`, `post`) VALUES (6, 'vel', 'Kayley Simonis', 'Zulauf LLC');
INSERT INTO `suppliers` (`id_suppliers`, `name`, `appeal`, `post`) VALUES (7, 'qui', 'Trever Turner IV', 'Runte Ltd');
INSERT INTO `suppliers` (`id_suppliers`, `name`, `appeal`, `post`) VALUES (8, 'tempore', 'Dr. Brendon Cole Jr.', 'Schmeler, Prosacco and Robel');
INSERT INTO `suppliers` (`id_suppliers`, `name`, `appeal`, `post`) VALUES (9, 'consequatur', 'Jayne Hodkiewicz', 'Schultz, Halvorson and Schuppe');
INSERT INTO `suppliers` (`id_suppliers`, `name`, `appeal`, `post`) VALUES (10, 'quae', 'Joaquin Torp', 'Schumm, Streich and Lueilwitz');
INSERT INTO `suppliers` (`id_suppliers`, `name`, `appeal`, `post`) VALUES (11, 'natus', 'Abbey Lemke', 'Oberbrunner-Reynolds');
INSERT INTO `suppliers` (`id_suppliers`, `name`, `appeal`, `post`) VALUES (12, 'id', 'Marina Oberbrunner', 'Braun Ltd');
INSERT INTO `suppliers` (`id_suppliers`, `name`, `appeal`, `post`) VALUES (13, 'et', 'Bill Willms', 'Pouros PLC');
INSERT INTO `suppliers` (`id_suppliers`, `name`, `appeal`, `post`) VALUES (14, 'dolorum', 'Celine Heidenreich I', 'Rowe PLC');
INSERT INTO `suppliers` (`id_suppliers`, `name`, `appeal`, `post`) VALUES (15, 'mollitia', 'Kevon Rau', 'Will-Borer');
INSERT INTO `suppliers` (`id_suppliers`, `name`, `appeal`, `post`) VALUES (16, 'adipisci', 'Hipolito Sawayn', 'Cormier, Lesch and Raynor');
INSERT INTO `suppliers` (`id_suppliers`, `name`, `appeal`, `post`) VALUES (17, 'et', 'Charlie Wehner', 'Bednar-DuBuque');
INSERT INTO `suppliers` (`id_suppliers`, `name`, `appeal`, `post`) VALUES (18, 'provident', 'Conor Quitzon', 'Spinka, Morar and Kovacek');
INSERT INTO `suppliers` (`id_suppliers`, `name`, `appeal`, `post`) VALUES (19, 'est', 'Aracely Tremblay', 'McLaughlin Group');
INSERT INTO `suppliers` (`id_suppliers`, `name`, `appeal`, `post`) VALUES (20, 'necessitatibus', 'Sydnie Mraz', 'Hermiston PLC');
INSERT INTO `suppliers` (`id_suppliers`, `name`, `appeal`, `post`) VALUES (21, 'aut', 'Cordie Goldner DVM', 'VonRueden-Schumm');
INSERT INTO `suppliers` (`id_suppliers`, `name`, `appeal`, `post`) VALUES (22, 'ipsa', 'Mr. Ali Ondricka IV', 'White-Baumbach');
INSERT INTO `suppliers` (`id_suppliers`, `name`, `appeal`, `post`) VALUES (23, 'quia', 'Santino Roberts Sr.', 'Bailey, Bayer and Raynor');
INSERT INTO `suppliers` (`id_suppliers`, `name`, `appeal`, `post`) VALUES (24, 'est', 'Mr. Kaleigh Will', 'Considine PLC');
INSERT INTO `suppliers` (`id_suppliers`, `name`, `appeal`, `post`) VALUES (25, 'corporis', 'Abigayle Runolfsson Sr.', 'Stokes, Okuneva and Kirlin');
INSERT INTO `suppliers` (`id_suppliers`, `name`, `appeal`, `post`) VALUES (26, 'et', 'Lottie Hintz', 'Hammes-O\'Reilly');
INSERT INTO `suppliers` (`id_suppliers`, `name`, `appeal`, `post`) VALUES (27, 'occaecati', 'Dr. Liliane Bode V', 'Goodwin Group');
INSERT INTO `suppliers` (`id_suppliers`, `name`, `appeal`, `post`) VALUES (28, 'deleniti', 'Kathlyn Pagac', 'McGlynn Ltd');
INSERT INTO `suppliers` (`id_suppliers`, `name`, `appeal`, `post`) VALUES (29, 'dolorem', 'Mrs. Ofelia Gottlieb IV', 'Rogahn LLC');
INSERT INTO `suppliers` (`id_suppliers`, `name`, `appeal`, `post`) VALUES (30, 'pariatur', 'Christine Jakubowski', 'Homenick-Weber');
INSERT INTO `suppliers` (`id_suppliers`, `name`, `appeal`, `post`) VALUES (31, 'sint', 'Mrs. Corene Collier', 'Halvorson LLC');
INSERT INTO `suppliers` (`id_suppliers`, `name`, `appeal`, `post`) VALUES (32, 'accusamus', 'Peter Kunze', 'Koelpin, West and Stehr');
INSERT INTO `suppliers` (`id_suppliers`, `name`, `appeal`, `post`) VALUES (33, 'iusto', 'Boyd Tremblay', 'McLaughlin Inc');
INSERT INTO `suppliers` (`id_suppliers`, `name`, `appeal`, `post`) VALUES (34, 'inventore', 'Ashly Gleichner', 'Steuber, Zboncak and Langosh');
INSERT INTO `suppliers` (`id_suppliers`, `name`, `appeal`, `post`) VALUES (35, 'facere', 'Fay Fisher', 'Koepp, Wyman and O\'Hara');
INSERT INTO `suppliers` (`id_suppliers`, `name`, `appeal`, `post`) VALUES (36, 'modi', 'Ciara Ondricka', 'Jacobson, Kreiger and Barrows');
INSERT INTO `suppliers` (`id_suppliers`, `name`, `appeal`, `post`) VALUES (37, 'aliquam', 'Dr. Queen Witting', 'Larson-Kreiger');
INSERT INTO `suppliers` (`id_suppliers`, `name`, `appeal`, `post`) VALUES (38, 'voluptatem', 'Antonio Toy IV', 'Pollich-Boyle');
INSERT INTO `suppliers` (`id_suppliers`, `name`, `appeal`, `post`) VALUES (39, 'velit', 'Adrien West', 'Bradtke Ltd');
INSERT INTO `suppliers` (`id_suppliers`, `name`, `appeal`, `post`) VALUES (40, 'ipsum', 'Mr. Eduardo Gibson V', 'Anderson-Ratke');
INSERT INTO `suppliers` (`id_suppliers`, `name`, `appeal`, `post`) VALUES (41, 'qui', 'Newton Marks', 'Kling-Dach');
INSERT INTO `suppliers` (`id_suppliers`, `name`, `appeal`, `post`) VALUES (42, 'quia', 'Justus Robel', 'Watsica, Schmitt and Jacobson');
INSERT INTO `suppliers` (`id_suppliers`, `name`, `appeal`, `post`) VALUES (43, 'tempora', 'Dr. Niko Bernier', 'Wisozk-Ferry');
INSERT INTO `suppliers` (`id_suppliers`, `name`, `appeal`, `post`) VALUES (44, 'nihil', 'Adriel Gislason', 'Keeling, Huel and Glover');
INSERT INTO `suppliers` (`id_suppliers`, `name`, `appeal`, `post`) VALUES (45, 'dolorem', 'Lilian Welch III', 'Kihn PLC');
INSERT INTO `suppliers` (`id_suppliers`, `name`, `appeal`, `post`) VALUES (46, 'est', 'Prof. Aliza Strosin MD', 'Howell and Sons');
INSERT INTO `suppliers` (`id_suppliers`, `name`, `appeal`, `post`) VALUES (47, 'dolorem', 'Miss Linda Grady', 'Stoltenberg LLC');
INSERT INTO `suppliers` (`id_suppliers`, `name`, `appeal`, `post`) VALUES (48, 'voluptatem', 'Maegan Shields', 'Sporer, Ziemann and Johnson');
INSERT INTO `suppliers` (`id_suppliers`, `name`, `appeal`, `post`) VALUES (49, 'corrupti', 'Emmanuel Wunsch', 'Paucek Inc');
INSERT INTO `suppliers` (`id_suppliers`, `name`, `appeal`, `post`) VALUES (50, 'earum', 'Ewald Lang', 'Stracke-Haag');
INSERT INTO `suppliers` (`id_suppliers`, `name`, `appeal`, `post`) VALUES (51, 'voluptas', 'Mrs. Eliza Osinski MD', 'Barrows-Gottlieb');
INSERT INTO `suppliers` (`id_suppliers`, `name`, `appeal`, `post`) VALUES (52, 'eius', 'Dixie Beatty', 'Gibson, Little and Wolf');
INSERT INTO `suppliers` (`id_suppliers`, `name`, `appeal`, `post`) VALUES (53, 'quis', 'Dr. Anastacio Veum II', 'Eichmann Inc');
INSERT INTO `suppliers` (`id_suppliers`, `name`, `appeal`, `post`) VALUES (54, 'maxime', 'Ms. Gerda Schneider II', 'Tromp, Jakubowski and Kerluke');
INSERT INTO `suppliers` (`id_suppliers`, `name`, `appeal`, `post`) VALUES (55, 'rerum', 'Emile Kreiger', 'Tremblay, Reilly and Lind');
INSERT INTO `suppliers` (`id_suppliers`, `name`, `appeal`, `post`) VALUES (56, 'delectus', 'Otho Spinka', 'Stanton-Ondricka');
INSERT INTO `suppliers` (`id_suppliers`, `name`, `appeal`, `post`) VALUES (57, 'minima', 'Missouri Sporer IV', 'Schowalter Ltd');
INSERT INTO `suppliers` (`id_suppliers`, `name`, `appeal`, `post`) VALUES (58, 'iste', 'Dr. Shanelle O\'Keefe', 'Reichel, Renner and Koepp');
INSERT INTO `suppliers` (`id_suppliers`, `name`, `appeal`, `post`) VALUES (59, 'delectus', 'Anibal Koepp', 'O\'Reilly and Sons');
INSERT INTO `suppliers` (`id_suppliers`, `name`, `appeal`, `post`) VALUES (60, 'omnis', 'Blaise Skiles', 'Feeney LLC');
INSERT INTO `suppliers` (`id_suppliers`, `name`, `appeal`, `post`) VALUES (61, 'non', 'Dr. Sadie Wisozk', 'Haley-Carroll');
INSERT INTO `suppliers` (`id_suppliers`, `name`, `appeal`, `post`) VALUES (62, 'animi', 'Emelie Gislason', 'Armstrong, Bailey and Daugherty');
INSERT INTO `suppliers` (`id_suppliers`, `name`, `appeal`, `post`) VALUES (63, 'autem', 'Anibal Gottlieb', 'Gorczany, Cummings and Hodkiewicz');
INSERT INTO `suppliers` (`id_suppliers`, `name`, `appeal`, `post`) VALUES (64, 'eaque', 'Tara Pouros V', 'Wilkinson-Labadie');
INSERT INTO `suppliers` (`id_suppliers`, `name`, `appeal`, `post`) VALUES (65, 'a', 'Prof. Alayna Barton', 'Terry, Bahringer and Botsford');
INSERT INTO `suppliers` (`id_suppliers`, `name`, `appeal`, `post`) VALUES (66, 'et', 'Prof. Abdiel Larkin Sr.', 'Mann LLC');
INSERT INTO `suppliers` (`id_suppliers`, `name`, `appeal`, `post`) VALUES (67, 'veniam', 'Olga Wisoky', 'Kautzer-Lind');
INSERT INTO `suppliers` (`id_suppliers`, `name`, `appeal`, `post`) VALUES (68, 'magnam', 'Gussie Swaniawski', 'Olson, Welch and McDermott');
INSERT INTO `suppliers` (`id_suppliers`, `name`, `appeal`, `post`) VALUES (69, 'suscipit', 'Hugh Hand', 'Cormier-Collier');
INSERT INTO `suppliers` (`id_suppliers`, `name`, `appeal`, `post`) VALUES (70, 'numquam', 'Abbie Daniel', 'Stark-Zboncak');
INSERT INTO `suppliers` (`id_suppliers`, `name`, `appeal`, `post`) VALUES (71, 'iure', 'Ernestina Sauer', 'Connelly, Hodkiewicz and Rodriguez');
INSERT INTO `suppliers` (`id_suppliers`, `name`, `appeal`, `post`) VALUES (72, 'in', 'Dr. Jermain Pfeffer', 'Durgan, Stamm and Larkin');
INSERT INTO `suppliers` (`id_suppliers`, `name`, `appeal`, `post`) VALUES (73, 'tempore', 'Mr. Watson Corkery', 'Morar-Zboncak');
INSERT INTO `suppliers` (`id_suppliers`, `name`, `appeal`, `post`) VALUES (74, 'vel', 'Prof. Thea Ledner', 'Kshlerin LLC');
INSERT INTO `suppliers` (`id_suppliers`, `name`, `appeal`, `post`) VALUES (75, 'laboriosam', 'Luis Thompson V', 'Trantow Ltd');
INSERT INTO `suppliers` (`id_suppliers`, `name`, `appeal`, `post`) VALUES (76, 'illum', 'Ena Mills', 'Windler, Effertz and Powlowski');
INSERT INTO `suppliers` (`id_suppliers`, `name`, `appeal`, `post`) VALUES (77, 'nemo', 'Gunner Batz', 'Haley and Sons');
INSERT INTO `suppliers` (`id_suppliers`, `name`, `appeal`, `post`) VALUES (78, 'maxime', 'Mr. Jarrett Wilderman', 'Stiedemann PLC');
INSERT INTO `suppliers` (`id_suppliers`, `name`, `appeal`, `post`) VALUES (79, 'ipsum', 'Miguel Bergnaum', 'Gerhold-Lehner');
INSERT INTO `suppliers` (`id_suppliers`, `name`, `appeal`, `post`) VALUES (80, 'dolorum', 'Kristoffer Mueller', 'Morar Ltd');
INSERT INTO `suppliers` (`id_suppliers`, `name`, `appeal`, `post`) VALUES (81, 'eum', 'Brett Franecki Sr.', 'Hane-Schmitt');
INSERT INTO `suppliers` (`id_suppliers`, `name`, `appeal`, `post`) VALUES (82, 'inventore', 'Dale Maggio II', 'Emmerich PLC');
INSERT INTO `suppliers` (`id_suppliers`, `name`, `appeal`, `post`) VALUES (83, 'adipisci', 'Zachary Bode', 'Murphy-Thompson');
INSERT INTO `suppliers` (`id_suppliers`, `name`, `appeal`, `post`) VALUES (84, 'deserunt', 'Adeline Connelly PhD', 'Steuber, Ferry and Johns');
INSERT INTO `suppliers` (`id_suppliers`, `name`, `appeal`, `post`) VALUES (85, 'fuga', 'Mrs. Freda Rau DVM', 'Gaylord-Erdman');
INSERT INTO `suppliers` (`id_suppliers`, `name`, `appeal`, `post`) VALUES (86, 'quia', 'Emerson Schowalter', 'Purdy-Daugherty');
INSERT INTO `suppliers` (`id_suppliers`, `name`, `appeal`, `post`) VALUES (87, 'aspernatur', 'Dr. Astrid Gutkowski', 'Wunsch, Weissnat and Botsford');
INSERT INTO `suppliers` (`id_suppliers`, `name`, `appeal`, `post`) VALUES (88, 'dolorum', 'Eliezer Haley MD', 'Ankunding, Yost and Goyette');
INSERT INTO `suppliers` (`id_suppliers`, `name`, `appeal`, `post`) VALUES (89, 'eos', 'Alexanne Muller', 'Langosh, Emard and Wiza');
INSERT INTO `suppliers` (`id_suppliers`, `name`, `appeal`, `post`) VALUES (90, 'qui', 'Precious Stehr', 'Windler LLC');
INSERT INTO `suppliers` (`id_suppliers`, `name`, `appeal`, `post`) VALUES (91, 'sit', 'Kira Hodkiewicz', 'Emmerich PLC');
INSERT INTO `suppliers` (`id_suppliers`, `name`, `appeal`, `post`) VALUES (92, 'earum', 'Blanche Mills', 'Turcotte PLC');
INSERT INTO `suppliers` (`id_suppliers`, `name`, `appeal`, `post`) VALUES (93, 'porro', 'Carmen Gerhold', 'Koch Group');
INSERT INTO `suppliers` (`id_suppliers`, `name`, `appeal`, `post`) VALUES (94, 'dolores', 'Tobin Fritsch Sr.', 'Gaylord Ltd');
INSERT INTO `suppliers` (`id_suppliers`, `name`, `appeal`, `post`) VALUES (95, 'et', 'Dr. Bessie West Sr.', 'O\'Hara Ltd');
INSERT INTO `suppliers` (`id_suppliers`, `name`, `appeal`, `post`) VALUES (96, 'vel', 'Bertrand Brown', 'Bosco-Morissette');
INSERT INTO `suppliers` (`id_suppliers`, `name`, `appeal`, `post`) VALUES (97, 'delectus', 'Velva Shields', 'Beier, Sanford and Collier');
INSERT INTO `suppliers` (`id_suppliers`, `name`, `appeal`, `post`) VALUES (98, 'nisi', 'Roma Morar DVM', 'Lowe-Feeney');
INSERT INTO `suppliers` (`id_suppliers`, `name`, `appeal`, `post`) VALUES (99, 'eos', 'Prof. Amari Witting', 'Schaden, Wiza and Barton');
INSERT INTO `suppliers` (`id_suppliers`, `name`, `appeal`, `post`) VALUES (100, 'aut', 'Freda Hyatt', 'Huels-Nienow');


#
# TABLE STRUCTURE FOR: types
#

DROP TABLE IF EXISTS `types`;

CREATE TABLE `types` (
  `id_types` int(11) NOT NULL,
  `category` varchar(255) COLLATE utf8mb4_unicode_ci DEFAULT NULL,
  `id_staff` int(11) DEFAULT NULL,
  `description` text COLLATE utf8mb4_unicode_ci DEFAULT NULL,
  PRIMARY KEY (`id_types`),
  KEY `id_staff` (`id_staff`),
  CONSTRAINT `types_ibfk_1` FOREIGN KEY (`id_staff`) REFERENCES `staff` (`id_staff`)
) ENGINE=InnoDB DEFAULT CHARSET=utf8mb4 COLLATE=utf8mb4_unicode_ci;

INSERT INTO `types` (`id_types`, `category`, `id_staff`, `description`) VALUES (0, ' C', 17, 'Quas aut sed praesentium sit. Quae delectus saepe sed nesciunt nulla. Tenetur accusantium repellat est aut ullam quod qui accusamus. Alias accusantium eos aperiam necessitatibus nostrum.');
INSERT INTO `types` (`id_types`, `category`, `id_staff`, `description`) VALUES (1, 'D', 83, 'Harum eos ea sed. Quia et quas sed illum id excepturi et. At accusantium inventore sapiente at aliquid repellat.');
INSERT INTO `types` (`id_types`, `category`, `id_staff`, `description`) VALUES (2, ' B', 71, 'Odit corporis amet nihil inventore qui voluptatum ea. Molestias nostrum non ut rerum. Autem modi natus saepe aut harum consequatur. Asperiores praesentium aspernatur est asperiores ut aliquid autem aut.');
INSERT INTO `types` (`id_types`, `category`, `id_staff`, `description`) VALUES (3, ' B', 89, 'Sit enim velit dolores non sed iste iusto provident. Labore voluptatibus minus ipsam.');
INSERT INTO `types` (`id_types`, `category`, `id_staff`, `description`) VALUES (4, 'A', 38, 'Perferendis blanditiis cum illo sit adipisci rerum voluptates. Non repudiandae tenetur minus eaque ducimus voluptatum.');
INSERT INTO `types` (`id_types`, `category`, `id_staff`, `description`) VALUES (5, 'A', 51, 'Dolorum occaecati quidem veniam. Iusto eligendi harum suscipit quibusdam rerum ratione aut. Aperiam harum rerum molestias est est officia maiores. Et iste ut dolorem deleniti consequatur. Tenetur doloribus aut quis et facere earum optio.');
INSERT INTO `types` (`id_types`, `category`, `id_staff`, `description`) VALUES (6, 'D', 73, 'Ea ex laboriosam omnis autem id. Ut minus ipsa dolorem aperiam quod accusantium expedita. Incidunt totam numquam necessitatibus quasi beatae occaecati sit.');
INSERT INTO `types` (`id_types`, `category`, `id_staff`, `description`) VALUES (7, ' B', 51, 'Omnis sit aut placeat ad. Rerum et dolores labore eaque asperiores. Id nemo aut ullam et recusandae dolorum. Ut aperiam quaerat ipsum atque et labore molestiae.');
INSERT INTO `types` (`id_types`, `category`, `id_staff`, `description`) VALUES (8, 'A', 26, 'Sint natus aperiam est qui iusto quia aperiam. Nobis voluptatibus consequatur maxime reiciendis odit. Cumque nisi ea dicta ab.');
INSERT INTO `types` (`id_types`, `category`, `id_staff`, `description`) VALUES (9, 'A', 71, 'Cumque est cum aut alias vero eum error. Sequi vel fuga ea eos. Praesentium in numquam et sit dolor enim dolorem.');
INSERT INTO `types` (`id_types`, `category`, `id_staff`, `description`) VALUES (10, ' B', 15, 'Incidunt ut rerum molestiae error quos alias veniam. Non quo incidunt ea. Nobis saepe sunt quia asperiores qui cum laboriosam.');
INSERT INTO `types` (`id_types`, `category`, `id_staff`, `description`) VALUES (11, ' C', 17, 'Est assumenda nostrum ut laborum omnis. Eveniet ea aspernatur est beatae.');
INSERT INTO `types` (`id_types`, `category`, `id_staff`, `description`) VALUES (12, ' C', 56, 'Sint qui qui nam molestias ut. Et laboriosam iusto et incidunt et velit reprehenderit. Expedita veniam laudantium neque molestiae amet. Iste labore sequi omnis occaecati laudantium.');
INSERT INTO `types` (`id_types`, `category`, `id_staff`, `description`) VALUES (13, ' B', 42, 'Quo vel eos quasi tempora alias delectus quaerat. Quo suscipit eos culpa maiores libero eligendi enim. Aliquam fugiat consequatur quaerat animi ea. Rem quasi labore enim nulla velit aliquid et.');
INSERT INTO `types` (`id_types`, `category`, `id_staff`, `description`) VALUES (14, ' B', 55, 'Quis est eum porro corrupti quidem. Ut itaque eum facilis necessitatibus. Optio odit enim excepturi eveniet mollitia maxime provident eum. Voluptatem at aut facilis.');
INSERT INTO `types` (`id_types`, `category`, `id_staff`, `description`) VALUES (15, 'A', 8, 'Officiis numquam omnis illum incidunt optio. Illum eaque natus odio rem sint ea. Ut modi iusto porro eligendi voluptatem voluptate. Voluptas magnam dolorum modi veritatis ipsam et dignissimos.');
INSERT INTO `types` (`id_types`, `category`, `id_staff`, `description`) VALUES (16, 'D', 94, 'Vel enim aspernatur commodi amet magnam qui repudiandae. Qui fugit deleniti incidunt eveniet aliquam. Architecto ad tempore dolorem. Sit blanditiis facere quam sed modi.');
INSERT INTO `types` (`id_types`, `category`, `id_staff`, `description`) VALUES (17, 'D', 97, 'Commodi ducimus recusandae magni. Aut aut nisi sed nesciunt expedita. Quas nesciunt reprehenderit sequi. Culpa eum dicta iusto est dolorem quis. Culpa vero modi praesentium fugit eum odit ratione.');
INSERT INTO `types` (`id_types`, `category`, `id_staff`, `description`) VALUES (18, ' C', 29, 'Mollitia ullam dolorem quia quia suscipit enim consectetur. Quod est accusamus qui quam.');
INSERT INTO `types` (`id_types`, `category`, `id_staff`, `description`) VALUES (19, 'A', 39, 'Et nisi quidem reprehenderit deserunt alias. Repellat dolore voluptas porro unde assumenda perferendis quos. Aperiam nam ut in unde iure.');
INSERT INTO `types` (`id_types`, `category`, `id_staff`, `description`) VALUES (20, ' C', 88, 'Minus expedita laborum ex eius. Asperiores fugiat facere quidem qui corrupti et magnam. Sint officiis ex quidem necessitatibus beatae sit facere. Quos est qui eveniet. Porro adipisci odit nostrum.');
INSERT INTO `types` (`id_types`, `category`, `id_staff`, `description`) VALUES (21, ' C', 71, 'Eius omnis distinctio facilis sequi. Quasi in debitis sint occaecati dolores atque eius tempore.');
INSERT INTO `types` (`id_types`, `category`, `id_staff`, `description`) VALUES (22, 'D', 90, 'Sit recusandae nihil impedit et aliquam. Repellat eaque optio eveniet maiores voluptas rem vero. Harum quasi ipsa quidem sit sed fugiat dolores. Eum maxime consequuntur eveniet.');
INSERT INTO `types` (`id_types`, `category`, `id_staff`, `description`) VALUES (23, ' B', 29, 'Similique nesciunt cupiditate at labore voluptas. Numquam fugit ipsum explicabo quis qui doloremque. Nobis sapiente omnis amet quis.');
INSERT INTO `types` (`id_types`, `category`, `id_staff`, `description`) VALUES (24, 'A', 25, 'Quos culpa rerum accusamus. Rerum nobis dolor sint. Optio nemo et ducimus veniam omnis consequatur aspernatur. Illo ut ducimus totam delectus dolorum fugit aut.');
INSERT INTO `types` (`id_types`, `category`, `id_staff`, `description`) VALUES (25, 'A', 53, 'Quae et asperiores et fugiat neque modi assumenda eveniet. Itaque unde pariatur ut perferendis animi totam voluptatem quas. Iure necessitatibus maiores non quibusdam quis. Excepturi deserunt distinctio maiores suscipit enim veniam natus necessitatibus.');
INSERT INTO `types` (`id_types`, `category`, `id_staff`, `description`) VALUES (26, ' C', 76, 'Quas optio ex molestiae cum ducimus vel. Et dignissimos fuga libero. Sed tempore aut aut temporibus labore.');
INSERT INTO `types` (`id_types`, `category`, `id_staff`, `description`) VALUES (27, 'A', 2, 'Quae similique maxime cumque voluptatem nihil repudiandae ut. Sequi ut nisi iure minima necessitatibus nemo velit. Qui qui sapiente sit cupiditate sed reprehenderit cumque.');
INSERT INTO `types` (`id_types`, `category`, `id_staff`, `description`) VALUES (28, 'D', 25, 'Sit eveniet consequatur a sed quia. Ipsam quia temporibus est eos qui culpa odit. Quia vel sunt sit rerum mollitia est voluptas. In corrupti nihil quasi praesentium.');
INSERT INTO `types` (`id_types`, `category`, `id_staff`, `description`) VALUES (29, ' C', 97, 'Molestias tenetur molestias sit officiis dignissimos non non veniam. Aut provident illum non ut ex ipsam. Nihil dicta nam omnis quo expedita et sed. Ab ut veritatis odio quia consequatur ipsum ut ducimus.');
INSERT INTO `types` (`id_types`, `category`, `id_staff`, `description`) VALUES (30, 'A', 1, 'Quidem voluptatem porro qui nihil repellendus quae. Molestiae explicabo doloribus officiis quod perferendis. Deleniti ab quas modi nesciunt distinctio. Ut corporis qui aliquid voluptatum voluptas non. Velit dignissimos temporibus rerum cumque eos.');
INSERT INTO `types` (`id_types`, `category`, `id_staff`, `description`) VALUES (31, ' B', 26, 'Harum aut veniam et. Iusto possimus rerum dolores ea exercitationem. Dolor soluta aut quae quod sed aperiam. Illo repellendus libero ipsa soluta mollitia minus qui ex.');
INSERT INTO `types` (`id_types`, `category`, `id_staff`, `description`) VALUES (32, 'D', 36, 'Molestiae accusantium quis ducimus temporibus nesciunt explicabo porro et. Iusto officiis quisquam eveniet a porro a. Consequatur pariatur rem animi aspernatur ut.');
INSERT INTO `types` (`id_types`, `category`, `id_staff`, `description`) VALUES (33, ' C', 77, 'Aliquam at ipsum quibusdam ut est autem. Nulla animi praesentium libero nemo corporis aperiam. Ducimus alias similique eveniet architecto ut eum. Quibusdam eum aliquid enim nulla voluptates fugit.');
INSERT INTO `types` (`id_types`, `category`, `id_staff`, `description`) VALUES (34, ' C', 18, 'Omnis quos et et possimus. Ex vel repudiandae tempore eligendi exercitationem iste. Eaque culpa rem et ut quia quisquam perferendis et.');
INSERT INTO `types` (`id_types`, `category`, `id_staff`, `description`) VALUES (35, 'D', 1, 'Natus laboriosam velit quae non ut. Corporis similique maiores eum quia aut cupiditate excepturi at. Vitae veniam dolores animi tempora.');
INSERT INTO `types` (`id_types`, `category`, `id_staff`, `description`) VALUES (36, ' C', 97, 'Cupiditate qui mollitia iure praesentium velit accusantium. Et qui ex et qui optio minima consequatur. Sunt placeat totam nesciunt cum voluptatem aliquid. Molestiae unde omnis sed possimus vel. Quos quibusdam quia labore est non fuga cum.');
INSERT INTO `types` (`id_types`, `category`, `id_staff`, `description`) VALUES (37, 'A', 18, 'Omnis in aperiam aliquam quis sequi eaque. Cumque quia occaecati delectus autem. Molestias voluptatem consequuntur laudantium velit maxime possimus veniam dolore. Voluptatem ut et non voluptatem odit quis et.');
INSERT INTO `types` (`id_types`, `category`, `id_staff`, `description`) VALUES (38, ' C', 4, 'Placeat cumque atque magnam repellat commodi quaerat. Aliquam aut optio totam eum mollitia sit laborum. Earum natus labore voluptatem asperiores.');
INSERT INTO `types` (`id_types`, `category`, `id_staff`, `description`) VALUES (39, 'D', 48, 'Tenetur eos sapiente iste nisi nihil fuga. Molestiae perspiciatis dolorem possimus ex numquam quibusdam sit. Rerum praesentium eius nemo accusamus.');
INSERT INTO `types` (`id_types`, `category`, `id_staff`, `description`) VALUES (40, ' B', 39, 'Eius quae dolorem qui sunt. Repudiandae voluptas deserunt possimus sed a ipsum perspiciatis vitae. Doloremque praesentium delectus quia aliquam doloremque ut. Laborum alias ut quis iste qui.');
INSERT INTO `types` (`id_types`, `category`, `id_staff`, `description`) VALUES (41, ' B', 36, 'Magni minus est minima deleniti. Quaerat est similique sed delectus. Doloremque esse qui asperiores delectus repellendus. Odit et qui tenetur non occaecati ut tempora. Deleniti similique numquam ea amet repellat.');
INSERT INTO `types` (`id_types`, `category`, `id_staff`, `description`) VALUES (42, 'D', 15, 'Saepe commodi excepturi unde dolorum porro aut. Quam rem ut aut consequatur. Voluptas unde cupiditate ut veniam.');
INSERT INTO `types` (`id_types`, `category`, `id_staff`, `description`) VALUES (43, 'A', 97, 'Aut in corrupti sit saepe repellendus tenetur unde eos. Ut harum pariatur ut veritatis aliquam. Mollitia quam est ut in pariatur. Perspiciatis porro nam voluptate qui molestiae.');
INSERT INTO `types` (`id_types`, `category`, `id_staff`, `description`) VALUES (44, ' B', 7, 'Ipsum sed error aut quia vitae ut. Quae dolores adipisci illum tenetur. Et qui omnis totam assumenda et aut in dolorum. Odit natus et fugit qui at deserunt quisquam.');
INSERT INTO `types` (`id_types`, `category`, `id_staff`, `description`) VALUES (45, 'A', 75, 'Vero aut quo officiis voluptatem. Vitae saepe sed nemo et eos nam vero. Sint magnam aut sit eos. Quos et ut sint nemo.');
INSERT INTO `types` (`id_types`, `category`, `id_staff`, `description`) VALUES (46, 'D', 77, 'Quidem minus vel voluptatem et inventore accusamus culpa. Error nisi minus sapiente. Voluptate natus dicta et explicabo enim deleniti eos. Provident nihil provident at nemo. Dolorem quo omnis voluptatem et pariatur.');
INSERT INTO `types` (`id_types`, `category`, `id_staff`, `description`) VALUES (47, 'A', 13, 'Dolor inventore est voluptatibus repellat similique nihil rem non. Rerum dolore assumenda ut amet natus. Blanditiis velit ut voluptatibus quia.');
INSERT INTO `types` (`id_types`, `category`, `id_staff`, `description`) VALUES (48, ' C', 47, 'Ad illum assumenda temporibus quas eveniet ut velit. Rerum veniam nobis accusamus et id sint ullam.');
INSERT INTO `types` (`id_types`, `category`, `id_staff`, `description`) VALUES (49, 'A', 87, 'Odio fugit et voluptas molestias accusamus quos. Iusto reprehenderit reiciendis accusamus deleniti. Consectetur enim nesciunt ut nesciunt ut animi.');
INSERT INTO `types` (`id_types`, `category`, `id_staff`, `description`) VALUES (50, 'D', 88, 'Qui sit minus qui sapiente sapiente. Nesciunt laudantium eos occaecati culpa possimus aut est ab. Labore rerum facilis fugit voluptatum rerum. Autem rem illum amet et consequatur sit itaque.');
INSERT INTO `types` (`id_types`, `category`, `id_staff`, `description`) VALUES (51, 'A', 29, 'Repellat consequatur ut tempore doloribus occaecati. Fuga eum beatae cupiditate libero sint est autem. Explicabo non asperiores sapiente magni alias.');
INSERT INTO `types` (`id_types`, `category`, `id_staff`, `description`) VALUES (52, 'A', 86, 'Quis deleniti natus voluptas ut et. Est minus commodi animi dolore sed.');
INSERT INTO `types` (`id_types`, `category`, `id_staff`, `description`) VALUES (53, 'A', 66, 'Doloribus mollitia et beatae eligendi. Asperiores a consequuntur iure rerum et corrupti minus nisi. Accusamus maxime aut tenetur sint. Sequi in esse earum qui eos rem.');
INSERT INTO `types` (`id_types`, `category`, `id_staff`, `description`) VALUES (54, 'A', 91, 'Debitis quibusdam ducimus sint quam cupiditate eius voluptatibus. Vero accusamus ea amet est. Omnis ut cupiditate optio magni perspiciatis vitae.');
INSERT INTO `types` (`id_types`, `category`, `id_staff`, `description`) VALUES (55, ' B', 92, 'Repudiandae omnis sit harum eum. Consequatur est qui eligendi et impedit. Aspernatur aliquam vitae magni est id iusto est. Deleniti nihil et ad alias.');
INSERT INTO `types` (`id_types`, `category`, `id_staff`, `description`) VALUES (56, 'D', 88, 'Vitae est eaque laboriosam omnis amet. Distinctio ea itaque quidem. Odit suscipit rerum ipsa. Debitis modi impedit autem assumenda vitae atque omnis quis.');
INSERT INTO `types` (`id_types`, `category`, `id_staff`, `description`) VALUES (57, 'A', 27, 'Necessitatibus suscipit natus et dolor temporibus at possimus. Quaerat quaerat ut tenetur ullam tempora dolorum. Aut tempore iste temporibus aliquam. Commodi ex enim rerum eos recusandae tenetur quae cupiditate.');
INSERT INTO `types` (`id_types`, `category`, `id_staff`, `description`) VALUES (58, ' B', 49, 'Et dolorum necessitatibus mollitia accusantium. Consequatur quos autem eum illo. Alias aut dolor et cumque dolore unde dolorum libero. Quia facilis quia ducimus.');
INSERT INTO `types` (`id_types`, `category`, `id_staff`, `description`) VALUES (59, 'D', 23, 'Pariatur dignissimos et repudiandae natus. Aliquam aspernatur enim odio ducimus exercitationem veniam debitis. Non omnis aut consequatur voluptatem voluptatibus voluptatem et. Rerum omnis rerum magni excepturi. Magnam eligendi voluptatem non sit voluptas est.');
INSERT INTO `types` (`id_types`, `category`, `id_staff`, `description`) VALUES (60, ' C', 70, 'Modi corporis quis fugit ducimus. Ad ipsum ut non beatae sequi cupiditate inventore. Et doloribus dolores sit harum suscipit sed sed velit. Ut commodi alias commodi.');
INSERT INTO `types` (`id_types`, `category`, `id_staff`, `description`) VALUES (61, 'D', 81, 'Id velit est velit id incidunt. Sunt eveniet qui expedita veniam est ut. Quidem ullam repudiandae veritatis eum dolore. Et iusto et qui.');
INSERT INTO `types` (`id_types`, `category`, `id_staff`, `description`) VALUES (62, 'A', 26, 'Earum dolores eos ut sequi consequatur. Officia occaecati quae quisquam deleniti id sed. Sit voluptatem vel ea rerum quia et aut. Dolores rerum aut explicabo expedita aut nihil architecto.');
INSERT INTO `types` (`id_types`, `category`, `id_staff`, `description`) VALUES (63, 'A', 27, 'Rerum vero a ipsa. Et ut fugiat et quis.');
INSERT INTO `types` (`id_types`, `category`, `id_staff`, `description`) VALUES (64, ' B', 73, 'Dolores laudantium eaque assumenda omnis. Qui vero illum consequuntur accusantium non magnam qui. Porro voluptate sint aliquam vitae qui corrupti. Quia similique impedit inventore non.');
INSERT INTO `types` (`id_types`, `category`, `id_staff`, `description`) VALUES (65, 'D', 12, 'Nesciunt consequatur eveniet earum laudantium. Atque deleniti est esse.');
INSERT INTO `types` (`id_types`, `category`, `id_staff`, `description`) VALUES (66, 'D', 68, 'Consequatur error et ducimus qui. Aliquam nihil quae eos et eveniet placeat. Quae optio ad nemo magnam. Nobis voluptatibus officiis rerum assumenda quo.');
INSERT INTO `types` (`id_types`, `category`, `id_staff`, `description`) VALUES (67, ' B', 93, 'Fugit aperiam sapiente reprehenderit iste nihil. Dolorem nisi vero similique ipsam. Incidunt occaecati facilis quam dolorem reprehenderit eum numquam.');
INSERT INTO `types` (`id_types`, `category`, `id_staff`, `description`) VALUES (68, 'A', 20, 'Ab porro sed voluptatem rerum odit qui cum. In consequatur et excepturi dolorem voluptatem. Quos magni et repellat veniam hic minus maiores non. Assumenda aliquam qui et neque. Harum veritatis et qui repellendus voluptatem.');
INSERT INTO `types` (`id_types`, `category`, `id_staff`, `description`) VALUES (69, 'A', 38, 'Unde reiciendis earum dolores qui. Et dolor fugit est temporibus suscipit recusandae. Quis et earum eos ut.');
INSERT INTO `types` (`id_types`, `category`, `id_staff`, `description`) VALUES (70, ' B', 61, 'Aliquid occaecati ut non vel qui sit porro. Dolorum consequatur ipsum qui consequatur ea. Quas dolor officiis qui vel occaecati aut fugit. Officiis ut provident sapiente cum mollitia ut.');
INSERT INTO `types` (`id_types`, `category`, `id_staff`, `description`) VALUES (71, ' C', 29, 'Et placeat et et qui. Velit et quis reiciendis id quasi. Et quo adipisci amet in distinctio.');
INSERT INTO `types` (`id_types`, `category`, `id_staff`, `description`) VALUES (72, 'D', 88, 'Qui aut architecto occaecati ab accusantium cumque dolorum. Distinctio sed veniam odit excepturi mollitia saepe ex. Est dolore fuga aut sit sint.');
INSERT INTO `types` (`id_types`, `category`, `id_staff`, `description`) VALUES (73, ' B', 21, 'Id eius ut nihil quidem ducimus consequatur amet. Asperiores consectetur quasi quo quis similique. Asperiores sunt mollitia culpa repellat sit animi. Est laborum quis aut. Enim libero sequi rem molestiae.');
INSERT INTO `types` (`id_types`, `category`, `id_staff`, `description`) VALUES (74, 'D', 86, 'Voluptate est totam qui atque qui. Aliquid cumque ut nihil esse. Dolorem accusantium blanditiis quisquam quae quisquam sed tempore tempora. Dolorem dolorem expedita pariatur voluptatum dolorem earum dignissimos ad.');
INSERT INTO `types` (`id_types`, `category`, `id_staff`, `description`) VALUES (75, 'A', 51, 'Accusamus repellendus voluptatem ducimus ut. Deserunt consequuntur adipisci mollitia tempore dolor.');
INSERT INTO `types` (`id_types`, `category`, `id_staff`, `description`) VALUES (76, 'A', 62, 'Eos minus dignissimos enim perspiciatis repellendus quam saepe. Neque beatae enim tempore minima perferendis magni. Tempora voluptas voluptate perspiciatis aut temporibus. Quae quia sed nemo dolor.');
INSERT INTO `types` (`id_types`, `category`, `id_staff`, `description`) VALUES (77, ' C', 58, 'Totam sint illum molestias. Eius facilis earum ut fugiat vel sint.');
INSERT INTO `types` (`id_types`, `category`, `id_staff`, `description`) VALUES (78, ' C', 14, 'Possimus laboriosam sint aliquid pariatur repudiandae. Reprehenderit natus ab rerum accusamus qui. Minima recusandae eum dignissimos culpa est cum.');
INSERT INTO `types` (`id_types`, `category`, `id_staff`, `description`) VALUES (79, 'D', 34, 'Excepturi omnis id minima autem magni perspiciatis. Reiciendis quos molestiae et. Libero qui facere cupiditate quisquam architecto. Consequatur et sint dignissimos vitae quia sed. Voluptatem iure porro corrupti.');
INSERT INTO `types` (`id_types`, `category`, `id_staff`, `description`) VALUES (80, 'D', 38, 'Aut sequi quaerat ut facilis non. In ex quis aut. Qui reiciendis quo optio est pariatur fuga neque illum.');
INSERT INTO `types` (`id_types`, `category`, `id_staff`, `description`) VALUES (81, ' B', 72, 'Possimus quaerat illum et in consequatur excepturi excepturi. Velit necessitatibus excepturi deserunt beatae id eum et. Et voluptates tempore ab in.');
INSERT INTO `types` (`id_types`, `category`, `id_staff`, `description`) VALUES (82, 'A', 64, 'Ipsam corrupti illum sit recusandae inventore et perferendis quas. Pariatur quis quaerat accusantium odio. Quas aut doloremque aliquam et. Ex esse ipsam sit ea iure recusandae. A quis accusamus porro praesentium rem ad.');
INSERT INTO `types` (`id_types`, `category`, `id_staff`, `description`) VALUES (83, 'A', 70, 'Blanditiis assumenda magni deleniti inventore odio dolorum. Laborum tempore repellat placeat provident adipisci. Consectetur velit voluptatem dolorum error.');
INSERT INTO `types` (`id_types`, `category`, `id_staff`, `description`) VALUES (84, 'A', 10, 'Cum quod voluptatem est repudiandae enim sunt. Ad commodi dolorem provident voluptatum. Cupiditate porro eos voluptatum nihil nobis nobis.');
INSERT INTO `types` (`id_types`, `category`, `id_staff`, `description`) VALUES (85, ' B', 65, 'Sequi sit ipsum voluptatem et itaque velit ut. Et nemo numquam rem sit eius.');
INSERT INTO `types` (`id_types`, `category`, `id_staff`, `description`) VALUES (86, ' C', 27, 'Sunt sit maxime et autem vitae ea. Rerum autem nostrum occaecati hic dolorum sit cum aperiam. Neque eos dignissimos hic voluptates excepturi aspernatur cumque. Quisquam reiciendis ipsum eligendi et unde.');
INSERT INTO `types` (`id_types`, `category`, `id_staff`, `description`) VALUES (87, ' B', 17, 'Et quis libero totam optio beatae. Sit qui nihil quae ut deserunt voluptates. Qui sint quae voluptatem ad nulla adipisci. Voluptates explicabo assumenda omnis aut voluptatem dolores sapiente ut.');
INSERT INTO `types` (`id_types`, `category`, `id_staff`, `description`) VALUES (88, 'A', 51, 'Quasi vitae et aperiam non. Iusto ducimus voluptatem aut atque. Non praesentium ut nihil quaerat. Quia maxime est totam blanditiis officiis.');
INSERT INTO `types` (`id_types`, `category`, `id_staff`, `description`) VALUES (89, 'D', 95, 'Reiciendis aspernatur accusantium omnis quis. Ab velit sequi quam soluta.');
INSERT INTO `types` (`id_types`, `category`, `id_staff`, `description`) VALUES (90, 'A', 41, 'Et exercitationem odit accusantium aperiam excepturi. Culpa magni ut accusantium et. Voluptatibus odio exercitationem qui omnis sint corrupti eos quod. Dolor sed consequuntur quia numquam repellendus.');
INSERT INTO `types` (`id_types`, `category`, `id_staff`, `description`) VALUES (91, ' B', 31, 'Tempore numquam magnam architecto est necessitatibus nulla beatae occaecati. Rerum eos et odit excepturi eligendi dolores. Esse qui qui perspiciatis doloribus.');
INSERT INTO `types` (`id_types`, `category`, `id_staff`, `description`) VALUES (92, ' B', 58, 'Fuga et cupiditate et non. Ratione eius quae ipsam aliquid sit id ut. Ipsum inventore omnis numquam omnis tempora quia.');
INSERT INTO `types` (`id_types`, `category`, `id_staff`, `description`) VALUES (93, ' C', 55, 'Molestiae quidem inventore ea ducimus labore corrupti. Vel nisi sint reprehenderit ea delectus. Est omnis qui eaque magnam dolorem eos.');
INSERT INTO `types` (`id_types`, `category`, `id_staff`, `description`) VALUES (94, ' B', 90, 'Minima ut molestiae omnis. Dolorem voluptatem nihil iste tenetur dolorem. Enim voluptates accusantium vitae quidem. Provident dolor distinctio fugiat consequuntur magnam placeat aut vitae.');
INSERT INTO `types` (`id_types`, `category`, `id_staff`, `description`) VALUES (95, 'D', 20, 'Enim molestias consequatur nihil voluptatibus laborum rerum voluptatem. Iste facere rerum suscipit ut omnis voluptas corporis. Unde non laboriosam at delectus rerum ut voluptatem. Vitae est vero porro nihil tempora.');
INSERT INTO `types` (`id_types`, `category`, `id_staff`, `description`) VALUES (96, 'D', 28, 'Corrupti unde enim maxime eius aut delectus. Dolorum sit nam sit qui dolor. Ab explicabo aut dolorum aspernatur et est aspernatur. Hic dolore odio sint optio et ipsa error.');
INSERT INTO `types` (`id_types`, `category`, `id_staff`, `description`) VALUES (97, 'A', 72, 'Sit totam deleniti vel libero unde rem. Qui sit qui quia minima esse voluptas qui rerum.');
INSERT INTO `types` (`id_types`, `category`, `id_staff`, `description`) VALUES (98, 'A', 44, 'Est reiciendis amet consequuntur perspiciatis voluptatem. Rem mollitia quia nihil omnis cupiditate autem. Sint id in sed qui. Dolores autem in numquam consequatur rerum.');
INSERT INTO `types` (`id_types`, `category`, `id_staff`, `description`) VALUES (99, ' B', 89, 'Sequi eligendi natus sit dignissimos deleniti veritatis et. Et doloribus facere laborum neque nesciunt incidunt. Illo ut voluptatem in quas provident sed ratione.');


